end_country,flights,month
US,1486925,202203
GB,86927,202203
AU,86509,202203
DE,82075,202203
CA,68770,202203
IN,63314,202203
FR,60495,202203
ES,58644,202203
JP,54463,202203
IT,53133,202203
BR,49365,202203
TR,37610,202203
RU,33317,202203
MX,33305,202203
AE,27678,202203
CN,27336,202203
NO,22205,202203
KR,21694,202203
CH,21449,202203
NL,20624,202203
NZ,19396,202203
CO,18530,202203
PL,17024,202203
PH,16885,202203
PT,15577,202203
BE,15266,202203
DK,13251,202203
MY,12405,202203
SE,12384,202203
TH,12172,202203
AT,11564,202203
GR,11191,202203
SA,10913,202203
IE,10364,202203
QA,10173,202203
VN,10044,202203
AR,9221,202203
TW,8324,202203
ZA,7378,202203
MA,7344,202203
PR,7215,202203
FI,6501,202203
RO,6461,202203
CZ,6097,202203
DO,5764,202203
KZ,5555,202203
IL,5342,202203
PA,4951,202203
HU,4325,202203
BS,3910,202203
HK,3338,202203
CY,2973,202203
PE,2960,202203
DZ,2854,202203
BH,2681,202203
LU,2627,202203
PK,2555,202203
ID,2545,202203
IS,2357,202203
SG,2300,202203
RS,2272,202203
EG,2169,202203
HR,2051,202203
BD,1929,202203
BG,1921,202203
LT,1915,202203
IR,1911,202203
LV,1846,202203
MT,1780,202203
OM,1754,202203
PF,1614,202203
GT,1451,202203
LB,1439,202203
BA,1358,202203
EE,1346,202203
BB,1206,202203
VI,1136,202203
AW,1087,202203
GE,1062,202203
EC,856,202203
AL,815,202203
SI,792,202203
JE,757,202203
BY,678,202203
GG,643,202203
XK,617,202203
BM,616,202203
ME,521,202203
SK,472,202203
IM,445,202203
LK,391,202203
SN,375,202203
GY,364,202203
CW,359,202203
GI,336,202203
GD,303,202203
SY,302,202203
TT,300,202203
VC,283,202203
MK,282,202203
KP,279,202203
JO,251,202203
PS,247,202203
VE,226,202203
LY,215,202203
KG,208,202203
SV,199,202203
LC,185,202203
KE,136,202203
UY,130,202203
CU,119,202203
CL,112,202203
BN,78,202203
DM,76,202203
MQ,64,202203
GM,64,202203
LA,43,202203
GN,42,202203
VG,40,202203
CV,39,202203
LS,32,202203
AX,30,202203
AZ,28,202203
GW,25,202203
MR,16,202203
MD,16,202203
BO,16,202203
PM,10,202203
HT,6,202203
CM,6,202203
MV,3,202203
MN,2,202203
TC,2,202203
EH,1,202203
KW,1,202203
GP,1,202203
BQ,1,202203
US,1114678,202010
CN,83718,202010
DE,51721,202010
AU,51645,202010
GB,48331,202010
RU,44504,202010
IN,43760,202010
JP,37356,202010
CA,37261,202010
TR,36694,202010
FR,35553,202010
IT,33828,202010
BR,31119,202010
ES,28162,202010
NZ,20378,202010
KR,16422,202010
NO,15165,202010
AE,13530,202010
NL,12733,202010
MX,12344,202010
TW,11122,202010
CH,10551,202010
PL,9738,202010
PT,8771,202010
GR,8683,202010
DK,7810,202010
BE,7238,202010
VN,7098,202010
QA,6942,202010
SE,6915,202010
CO,6613,202010
HK,6612,202010
ID,6558,202010
SA,6368,202010
MY,5980,202010
AT,5873,202010
UA,5252,202010
PH,4653,202010
IE,4096,202010
SG,3978,202010
RO,3859,202010
FI,3143,202010
ZA,3120,202010
CZ,3064,202010
PK,3013,202010
EG,2917,202010
PR,2852,202010
MA,2739,202010
IR,2603,202010
PE,2407,202010
KZ,2318,202010
BS,2087,202010
IL,2001,202010
CY,1907,202010
BD,1896,202010
RS,1735,202010
HR,1694,202010
LU,1683,202010
GT,1550,202010
HU,1430,202010
LV,1422,202010
BG,1382,202010
LT,1300,202010
BH,1247,202010
BY,1130,202010
MT,1101,202010
PF,1047,202010
DZ,990,202010
BA,975,202010
LB,962,202010
BO,918,202010
TH,899,202010
UZ,832,202010
CU,761,202010
AL,757,202010
EE,677,202010
IS,672,202010
DO,669,202010
TN,650,202010
OM,566,202010
JE,475,202010
SI,471,202010
CR,460,202010
NP,448,202010
BB,435,202010
EC,405,202010
BM,372,202010
MK,341,202010
ME,333,202010
SK,294,202010
NI,285,202010
PA,241,202010
GI,240,202010
PS,217,202010
GG,207,202010
TT,194,202010
KP,188,202010
KW,183,202010
IQ,176,202010
MD,173,202010
LY,163,202010
SY,160,202010
LK,158,202010
JO,153,202010
GD,152,202010
XK,144,202010
LC,132,202010
VC,107,202010
HT,96,202010
HN,92,202010
KG,90,202010
TC,88,202010
AX,87,202010
GY,84,202010
IM,80,202010
UY,70,202010
VE,59,202010
MQ,58,202010
SV,56,202010
AZ,48,202010
AR,44,202010
KE,30,202010
GP,24,202010
TJ,13,202010
DM,9,202010
PY,6,202010
BW,4,202010
MV,4,202010
CM,4,202010
FO,4,202010
VI,3,202010
KH,3,202010
BN,2,202010
GE,2,202010
US,1422919,202211
AU,97486,202211
GB,86179,202211
CA,79717,202211
DE,79119,202211
IN,75545,202211
JP,64978,202211
FR,60133,202211
ES,59172,202211
IT,53160,202211
BR,47630,202211
TR,43555,202211
MX,40415,202211
RU,38920,202211
AE,29536,202211
NZ,29126,202211
TH,27854,202211
KR,26277,202211
NO,23759,202211
PH,20254,202211
CN,20178,202211
CO,20052,202211
NL,19880,202211
MY,19125,202211
CH,18061,202211
PT,16493,202211
PL,15467,202211
SE,13717,202211
DK,13689,202211
BE,13670,202211
GR,12663,202211
VN,12292,202211
SA,11814,202211
QA,11545,202211
AR,11313,202211
AT,11013,202211
IE,10971,202211
PE,10162,202211
TW,10121,202211
MA,9445,202211
ZA,9313,202211
ID,8644,202211
RO,7393,202211
FI,7137,202211
HK,6370,202211
IL,6045,202211
PR,5717,202211
BD,5471,202211
CZ,5405,202211
CY,4900,202211
HU,4390,202211
DZ,4078,202211
BS,3998,202211
KZ,3929,202211
DO,3752,202211
KW,3620,202211
BH,3169,202211
RS,2897,202211
IS,2828,202211
LU,2739,202211
PK,2674,202211
PA,2565,202211
BG,2425,202211
GT,2328,202211
LV,2239,202211
IR,2191,202211
OM,2051,202211
SG,2040,202211
HR,1971,202211
LT,1860,202211
PF,1639,202211
MK,1590,202211
MT,1400,202211
EE,1368,202211
LB,1337,202211
GE,1304,202211
BA,1294,202211
AL,1266,202211
AW,1128,202211
BB,1089,202211
SV,1028,202211
EC,992,202211
JE,949,202211
BY,934,202211
KP,905,202211
EG,884,202211
LK,881,202211
SI,743,202211
BM,589,202211
IQ,527,202211
IM,475,202211
XK,467,202211
GG,457,202211
HN,392,202211
GY,356,202211
MM,349,202211
SK,347,202211
CW,318,202211
VI,317,202211
VE,293,202211
HT,290,202211
MD,286,202211
CU,280,202211
NI,265,202211
VC,249,202211
ME,216,202211
TT,210,202211
GI,205,202211
LY,190,202211
LC,187,202211
GD,187,202211
SY,183,202211
UY,174,202211
TC,164,202211
LA,122,202211
BN,90,202211
AX,65,202211
MQ,52,202211
LS,52,202211
DM,50,202211
NP,49,202211
SZ,39,202211
BQ,20,202211
BO,17,202211
BT,16,202211
PS,9,202211
MV,7,202211
MN,6,202211
TN,6,202211
VG,3,202211
GP,3,202211
FO,3,202211
JO,3,202211
UA,1,202211
US,1268610,201912
AU,93761,201912
CN,86419,201912
IN,84091,201912
GB,79434,201912
DE,79304,201912
CA,65460,201912
JP,61839,201912
BR,56046,201912
IT,55258,201912
ES,54309,201912
FR,53402,201912
RU,52392,201912
TR,44253,201912
TH,39134,201912
MY,36423,201912
AE,29214,201912
KR,26435,201912
PH,23172,201912
SA,21758,201912
NZ,21634,201912
TW,21389,201912
HK,21285,201912
CO,18301,201912
CH,18250,201912
ID,18050,201912
NO,17978,201912
SG,17970,201912
NL,16822,201912
PT,15065,201912
SE,15037,201912
BE,14117,201912
PL,14035,201912
DK,13052,201912
AT,11912,201912
GR,11253,201912
PE,10681,201912
QA,10673,201912
IE,10422,201912
FI,10245,201912
ZA,9220,201912
AR,8677,201912
VN,8548,201912
MX,8245,201912
MA,6998,201912
IL,5811,201912
CZ,5717,201912
HU,5333,201912
RO,5265,201912
UA,4918,201912
RS,4383,201912
KZ,4205,201912
PK,4042,201912
DZ,4029,201912
BH,3818,201912
LV,3233,201912
PR,2957,201912
CR,2932,201912
DO,2758,201912
LU,2733,201912
IR,2730,201912
BY,2466,201912
BG,2330,201912
CY,2199,201912
IS,2136,201912
LT,2112,201912
MT,2053,201912
HR,1977,201912
LK,1958,201912
BO,1784,201912
LB,1767,201912
BD,1697,201912
BA,1589,201912
EG,1571,201912
UZ,1529,201912
BS,1519,201912
PF,1425,201912
OM,1355,201912
BB,1347,201912
LA,1341,201912
EE,1208,201912
SN,1125,201912
NP,1027,201912
EC,972,201912
TT,848,201912
KP,827,201912
AM,823,201912
BM,774,201912
UY,738,201912
ML,707,201912
SI,679,201912
GE,598,201912
GT,544,201912
LC,511,201912
JE,494,201912
VC,398,201912
VI,392,201912
GY,370,201912
GD,361,201912
AL,337,201912
SK,313,201912
IM,298,201912
GI,269,201912
TN,261,201912
KH,255,201912
GM,250,201912
VG,244,201912
VE,235,201912
CU,227,201912
DM,217,201912
NI,208,201912
PS,202,201912
KG,182,201912
MD,160,201912
BW,148,201912
XK,142,201912
GW,131,201912
CV,122,201912
LS,96,201912
MR,95,201912
SY,90,201912
AX,88,201912
SZ,85,201912
CL,81,201912
PY,78,201912
JO,69,201912
GG,67,201912
LY,63,201912
MM,62,201912
MQ,54,201912
GN,52,201912
TJ,49,201912
ME,35,201912
MV,30,201912
GP,23,201912
BN,16,201912
TC,13,201912
MK,10,201912
KW,8,201912
AZ,2,201912
IQ,1,201912
NC,1,201912
AI,1,201912
EH,1,201912
US,1080345,202007
CN,79984,202007
DE,56928,202007
AU,49978,202007
RU,46215,202007
GB,42458,202007
CA,41149,202007
FR,40984,202007
ES,36242,202007
IT,34990,202007
JP,34882,202007
TR,28715,202007
IN,24372,202007
VN,17926,202007
NZ,16236,202007
BR,16072,202007
CH,13906,202007
NO,13838,202007
KR,13815,202007
GR,13046,202007
PL,11728,202007
NL,11342,202007
TW,10131,202007
AE,9280,202007
BE,9091,202007
DK,8621,202007
MY,8068,202007
MX,7900,202007
PT,7762,202007
AT,7042,202007
SA,6425,202007
SE,6348,202007
HK,5423,202007
QA,5416,202007
ID,5151,202007
IE,4751,202007
TH,4328,202007
RO,4294,202007
CZ,4001,202007
PH,3998,202007
HR,3363,202007
FI,3333,202007
SG,3258,202007
UA,2933,202007
PR,2632,202007
HU,2384,202007
BG,2213,202007
IR,2209,202007
KZ,2186,202007
RS,2010,202007
BS,1998,202007
CY,1926,202007
LU,1795,202007
LV,1756,202007
LT,1564,202007
MA,1517,202007
CO,1467,202007
AL,1368,202007
ZA,1319,202007
IL,1248,202007
BA,1182,202007
BD,1177,202007
PE,1139,202007
BH,1083,202007
BY,1060,202007
MT,1050,202007
DZ,1030,202007
IS,958,202007
EE,886,202007
TN,837,202007
AR,679,202007
SI,648,202007
OM,542,202007
GT,527,202007
DO,466,202007
JE,428,202007
MK,399,202007
CU,366,202007
SN,365,202007
EG,351,202007
ME,338,202007
BM,313,202007
LB,307,202007
BO,299,202007
SK,296,202007
EC,274,202007
XK,269,202007
CR,221,202007
TC,213,202007
GE,205,202007
MD,175,202007
KW,149,202007
GG,147,202007
PK,114,202007
KP,113,202007
GI,98,202007
IQ,97,202007
AX,93,202007
UZ,87,202007
IM,83,202007
SY,81,202007
LY,81,202007
BB,77,202007
KG,75,202007
GY,49,202007
VE,49,202007
AZ,37,202007
TT,31,202007
KE,29,202007
UY,26,202007
PF,21,202007
SV,20,202007
LA,17,202007
JO,14,202007
LK,14,202007
VI,14,202007
GW,13,202007
GM,13,202007
NI,12,202007
BN,8,202007
GN,7,202007
PS,7,202007
NP,7,202007
FO,6,202007
HN,6,202007
PY,5,202007
KH,5,202007
PM,4,202007
MR,4,202007
CV,3,202007
TJ,2,202007
EH,2,202007
HT,2,202007
CL,1,202007
LC,1,202007
VG,1,202007
CM,1,202007
BW,1,202007
US,1048809,202011
CN,82144,202011
AU,57139,202011
IN,48951,202011
JP,43455,202011
RU,36628,202011
DE,36222,202011
BR,34218,202011
CA,33494,202011
GB,29489,202011
TR,28941,202011
FR,21351,202011
IT,20729,202011
NZ,19074,202011
ES,18948,202011
KR,17511,202011
MX,14258,202011
AE,14042,202011
NO,13673,202011
NL,10463,202011
VN,10183,202011
TW,10046,202011
CO,9200,202011
CH,7550,202011
HK,7503,202011
ID,7277,202011
QA,7112,202011
SA,6246,202011
PL,6109,202011
PT,5971,202011
SE,5659,202011
BE,5579,202011
DK,5304,202011
PH,5157,202011
TH,4719,202011
SG,4417,202011
MY,4407,202011
PE,4193,202011
KZ,3743,202011
GR,3689,202011
AT,3516,202011
UA,3471,202011
ZA,3415,202011
PR,3310,202011
FI,3011,202011
PK,2976,202011
IE,2797,202011
MA,2769,202011
BS,2727,202011
RO,2611,202011
CZ,2462,202011
IR,2387,202011
BD,1900,202011
IL,1769,202011
PA,1712,202011
EG,1649,202011
LU,1421,202011
GT,1414,202011
BH,1312,202011
HR,1148,202011
CY,1140,202011
HU,1061,202011
LB,1008,202011
PF,978,202011
BG,969,202011
LT,967,202011
LV,949,202011
EC,911,202011
RS,906,202011
CU,884,202011
DZ,879,202011
BY,870,202011
UZ,867,202011
MT,777,202011
CR,713,202011
BA,675,202011
EE,599,202011
IS,582,202011
NI,512,202011
OM,502,202011
NP,490,202011
BB,445,202011
BM,425,202011
TN,396,202011
SI,369,202011
BO,343,202011
PS,292,202011
JE,292,202011
SK,250,202011
AR,248,202011
MK,244,202011
GI,213,202011
LK,203,202011
KP,183,202011
TT,175,202011
GD,174,202011
AL,163,202011
GG,150,202011
JO,148,202011
SY,138,202011
LC,136,202011
VC,132,202011
LY,128,202011
KG,124,202011
ME,121,202011
GY,112,202011
MD,108,202011
XK,95,202011
UY,89,202011
VE,77,202011
IM,77,202011
AX,63,202011
HN,48,202011
MQ,41,202011
SV,27,202011
KW,27,202011
BW,23,202011
GP,16,202011
TJ,16,202011
KH,11,202011
MV,7,202011
DM,5,202011
DO,3,202011
FO,3,202011
AZ,2,202011
IQ,2,202011
GE,2,202011
BN,1,202011
KE,1,202011
CM,1,202011
VI,1,202011
US,1138210,202003
AU,80709,202003
IN,60523,202003
CA,59530,202003
GB,59160,202003
DE,55391,202003
RU,46919,202003
JP,43998,202003
BR,40213,202003
CN,37374,202003
ES,37016,202003
FR,35596,202003
TR,32809,202003
TH,25966,202003
NZ,20378,202003
IT,20257,202003
MY,18653,202003
AE,16852,202003
NO,14734,202003
CO,13340,202003
NL,13021,202003
CH,12345,202003
ID,12133,202003
SA,12038,202003
MX,11702,202003
SE,11668,202003
PH,11167,202003
KR,10157,202003
DK,9403,202003
BE,9261,202003
PT,9096,202003
GR,8877,202003
PL,8672,202003
SG,8507,202003
TW,8335,202003
IE,8218,202003
QA,7840,202003
VN,7691,202003
HK,7203,202003
AT,6642,202003
FI,6380,202003
PE,5432,202003
AR,5144,202003
ZA,4873,202003
RO,4195,202003
PR,4179,202003
MA,3681,202003
CZ,3394,202003
DO,3163,202003
HU,3135,202003
UA,2939,202003
KZ,2884,202003
DZ,2661,202003
PK,2490,202003
RS,2294,202003
BD,1990,202003
CR,1921,202003
LU,1903,202003
BH,1879,202003
LV,1868,202003
BY,1718,202003
BO,1678,202003
BS,1619,202003
IS,1606,202003
LT,1602,202003
LK,1562,202003
HR,1416,202003
IR,1334,202003
BB,1325,202003
MT,1288,202003
CU,1152,202003
BG,1130,202003
IL,995,202003
PF,923,202003
BA,864,202003
EE,851,202003
OM,839,202003
SN,799,202003
TN,733,202003
UZ,704,202003
TT,588,202003
AM,545,202003
GE,539,202003
UY,533,202003
VI,515,202003
SI,471,202003
BM,424,202003
LC,417,202003
GT,404,202003
JE,367,202003
NP,361,202003
VG,350,202003
VC,332,202003
LA,325,202003
GD,324,202003
KH,295,202003
GY,223,202003
IM,219,202003
VE,184,202003
NI,179,202003
GM,177,202003
GI,167,202003
SK,158,202003
KP,134,202003
DM,128,202003
KE,128,202003
MM,116,202003
KG,104,202003
MK,104,202003
AL,96,202003
MD,94,202003
MQ,86,202003
BW,85,202003
GW,73,202003
CV,71,202003
XK,70,202003
LY,70,202003
MR,63,202003
PY,62,202003
AX,54,202003
GG,47,202003
TC,43,202003
CY,41,202003
PM,33,202003
ME,30,202003
GN,24,202003
AZ,22,202003
TJ,20,202003
TZ,18,202003
PS,11,202003
FO,9,202003
SZ,8,202003
BN,7,202003
GP,6,202003
EC,3,202003
AI,3,202003
NC,1,202003
LB,1,202003
KW,1,202003
EG,1,202003
US,1289984,202002
AU,85567,202002
IN,81569,202002
DE,78400,202002
GB,74701,202002
CA,65727,202002
ES,55068,202002
JP,53487,202002
FR,52913,202002
BR,52400,202002
IT,51787,202002
RU,47554,202002
TR,44377,202002
TH,35447,202002
MY,31683,202002
CN,26162,202002
AE,24271,202002
NZ,23750,202002
KR,22150,202002
PH,21173,202002
SA,20970,202002
CH,19359,202002
NO,19017,202002
CO,18779,202002
NL,16193,202002
SE,15522,202002
SG,14779,202002
PL,14323,202002
TW,14241,202002
PT,13491,202002
DK,13108,202002
BE,12858,202002
ID,12682,202002
GR,11744,202002
PE,11626,202002
VN,11299,202002
AT,11180,202002
HK,10542,202002
MX,10388,202002
QA,9986,202002
IE,9625,202002
AR,9614,202002
FI,9099,202002
MA,6469,202002
ZA,6095,202002
RO,5714,202002
CZ,4917,202002
HU,4743,202002
UA,4624,202002
PR,4458,202002
DO,4079,202002
DZ,4066,202002
KZ,3719,202002
RS,3696,202002
PK,3663,202002
BH,3513,202002
IL,3260,202002
LV,2890,202002
CR,2770,202002
IR,2765,202002
LU,2619,202002
LK,2478,202002
BY,2336,202002
LT,2129,202002
MT,1970,202002
HR,1947,202002
BG,1907,202002
IS,1897,202002
BO,1860,202002
BD,1751,202002
BA,1705,202002
BS,1616,202002
BB,1519,202002
PF,1245,202002
EE,1203,202002
SN,1161,202002
GE,1124,202002
OM,1028,202002
UZ,990,202002
TN,913,202002
KH,843,202002
TT,823,202002
AM,782,202002
GT,675,202002
SI,674,202002
LA,644,202002
CY,572,202002
BM,571,202002
VI,551,202002
CU,536,202002
LC,517,202002
UY,464,202002
NP,458,202002
JE,440,202002
VC,423,202002
GD,390,202002
VG,383,202002
EC,381,202002
LB,364,202002
GY,358,202002
SK,342,202002
EG,342,202002
IM,326,202002
AL,301,202002
KP,277,202002
MM,272,202002
GM,263,202002
VE,262,202002
GI,215,202002
NI,184,202002
KG,159,202002
DM,157,202002
MD,134,202002
MR,113,202002
GW,113,202002
AX,112,202002
BW,103,202002
PY,94,202002
MQ,93,202002
XK,91,202002
LY,87,202002
CV,83,202002
ML,57,202002
PS,50,202002
GG,42,202002
TC,36,202002
GN,33,202002
PM,24,202002
SY,23,202002
ME,17,202002
TJ,13,202002
GP,11,202002
SZ,10,202002
FO,8,202002
JO,7,202002
KW,5,202002
MK,5,202002
BN,5,202002
AI,4,202002
AZ,2,202002
MV,1,202002
NC,1,202002
US,1291245,202212
AU,92644,202212
GB,81151,202212
IN,76933,202212
CA,72249,202212
DE,66658,202212
JP,65310,202212
FR,58794,202212
ES,56932,202212
BR,51689,202212
IT,51594,202212
TR,41698,202212
MX,40219,202212
RU,39529,202212
NZ,29953,202212
TH,29283,202212
KR,23209,202212
AE,22321,202212
CN,22033,202212
PH,20480,202212
MY,20389,202212
NO,20370,202212
CO,20242,202212
CH,18953,202212
NL,18217,202212
PT,16090,202212
PL,14507,202212
SE,13151,202212
BE,13079,202212
GR,12098,202212
AR,11815,202212
DK,11803,202212
QA,11287,202212
AT,10714,202212
TW,10588,202212
IE,10508,202212
MA,10420,202212
VN,10301,202212
SA,10283,202212
ZA,9381,202212
ID,8507,202212
FI,7882,202212
HK,7128,202212
RO,6857,202212
PR,6558,202212
IL,6452,202212
KW,6174,202212
DO,5786,202212
BD,5586,202212
PA,5092,202212
BS,4772,202212
CZ,4681,202212
DZ,4391,202212
CY,4352,202212
HU,4310,202212
PE,4235,202212
SG,4198,202212
IR,3319,202212
BH,3192,202212
RS,2921,202212
IS,2797,202212
KZ,2715,202212
LU,2597,202212
PK,2498,202212
GT,2481,202212
BG,2435,202212
LV,2227,202212
HR,2001,202212
PF,1738,202212
LB,1735,202212
LT,1711,202212
MT,1662,202212
OM,1414,202212
MK,1385,202212
BA,1319,202212
BB,1264,202212
AW,1240,202212
GE,1212,202212
EE,1203,202212
SV,1137,202212
EG,1077,202212
EC,1007,202212
LK,961,202212
KP,954,202212
BY,903,202212
IQ,869,202212
JE,745,202212
AL,707,202212
BM,676,202212
SI,646,202212
GG,582,202212
VI,542,202212
IM,478,202212
HN,424,202212
XK,424,202212
MM,421,202212
MD,391,202212
ME,384,202212
GY,361,202212
TG,361,202212
CW,341,202212
HT,336,202212
GH,322,202212
CU,297,202212
LY,296,202212
TT,274,202212
SK,271,202212
VC,266,202212
VE,248,202212
NI,244,202212
UY,240,202212
BJ,225,202212
TC,221,202212
SY,206,202212
GD,194,202212
LC,191,202212
LA,164,202212
GI,157,202212
BN,82,202212
DM,59,202212
LS,57,202212
MQ,56,202212
AX,52,202212
NP,51,202212
NG,42,202212
BT,41,202212
PS,38,202212
SZ,38,202212
BO,24,202212
BQ,18,202212
VG,7,202212
GP,6,202212
JO,5,202212
MN,4,202212
MV,4,202212
TN,4,202212
GL,3,202212
FO,3,202212
CM,1,202212
US,835521,201901
AU,94321,201901
IN,82542,201901
DE,72730,201901
GB,69173,201901
JP,65885,201901
BR,55229,201901
ES,52764,201901
RU,51554,201901
IT,51256,201901
FR,49643,201901
TR,44432,201901
CN,42156,201901
MY,37050,201901
CA,36930,201901
ID,29890,201901
AE,27419,201901
KR,24847,201901
SA,23152,201901
MX,22817,201901
PH,22399,201901
TW,22246,201901
NZ,21100,201901
CH,16959,201901
NL,15698,201901
SE,15682,201901
NO,14336,201901
BE,12440,201901
DK,11958,201901
PT,11865,201901
AR,10462,201901
PL,10362,201901
QA,10333,201901
GR,10078,201901
HK,9933,201901
AT,9135,201901
BS,8966,201901
MA,8545,201901
IE,8321,201901
FI,7045,201901
OM,7001,201901
ZA,6438,201901
RO,6077,201901
TH,5376,201901
IL,5096,201901
CZ,4349,201901
CL,4298,201901
HU,4293,201901
UA,4134,201901
BH,4045,201901
DZ,3604,201901
IR,3598,201901
EG,3439,201901
KZ,3349,201901
LK,3096,201901
IS,2751,201901
BO,2683,201901
CY,2398,201901
BG,2307,201901
CU,2278,201901
BY,2150,201901
LB,2140,201901
LV,2118,201901
LU,1924,201901
CO,1816,201901
LT,1780,201901
UZ,1666,201901
MT,1619,201901
HR,1579,201901
GE,1443,201901
BM,1195,201901
TN,1057,201901
BA,999,201901
SN,986,201901
KG,986,201901
UY,979,201901
LA,976,201901
RS,867,201901
MK,783,201901
SG,775,201901
EE,763,201901
AL,619,201901
KW,543,201901
XK,520,201901
AW,476,201901
VE,449,201901
PY,425,201901
JE,419,201901
IM,382,201901
SY,364,201901
SI,360,201901
PS,359,201901
CW,326,201901
MM,312,201901
BW,270,201901
VN,245,201901
MD,233,201901
GM,217,201901
GY,208,201901
GI,188,201901
JO,182,201901
GG,181,201901
SK,164,201901
IQ,158,201901
KP,149,201901
MZ,147,201901
PE,141,201901
TT,93,201901
GW,85,201901
NP,84,201901
CV,77,201901
AX,75,201901
MR,64,201901
TJ,63,201901
BQ,63,201901
GN,60,201901
NA,53,201901
ME,47,201901
LY,46,201901
BD,40,201901
GD,33,201901
PM,29,201901
BN,27,201901
LS,15,201901
ZW,14,201901
MN,10,201901
AZ,7,201901
PK,5,201901
MW,4,201901
DM,1,201901
SR,1,201901
US,1220914,201909
DE,104392,201909
CN,101089,201909
GB,98969,201909
AU,94460,201909
ES,79916,201909
IT,72282,201909
IN,72166,201909
FR,69788,201909
TR,68324,201909
RU,64962,201909
CA,60609,201909
JP,58804,201909
BR,49378,201909
TH,38423,201909
MY,36427,201909
KR,28432,201909
AE,28262,201909
GR,25598,201909
NO,22433,201909
SA,21784,201909
NL,21275,201909
HK,20985,201909
CH,20717,201909
NZ,20605,201909
TW,20124,201909
PH,20065,201909
SE,19263,201909
PL,17687,201909
PT,17089,201909
DK,16741,201909
BE,16372,201909
AT,14510,201909
ID,13635,201909
IE,13557,201909
QA,11413,201909
ZA,11025,201909
FI,10352,201909
AR,9949,201909
SG,9825,201909
VN,9054,201909
CZ,8376,201909
IL,7809,201909
RO,7002,201909
RS,6271,201909
HU,6052,201909
MA,5795,201909
UA,5769,201909
PE,5497,201909
HR,4989,201909
MX,4456,201909
KZ,4409,201909
LV,3858,201909
BH,3844,201909
PK,3640,201909
DZ,3382,201909
LU,2985,201909
CY,2825,201909
BG,2824,201909
MT,2795,201909
IR,2764,201909
TN,2748,201909
BY,2698,201909
BA,2661,201909
LT,2588,201909
OM,2161,201909
IS,2075,201909
BO,2017,201909
LB,1886,201909
EG,1739,201909
LA,1711,201909
UZ,1680,201909
EE,1518,201909
PF,1483,201909
BS,1448,201909
NP,1403,201909
AL,1317,201909
CR,1183,201909
BM,1060,201909
BB,1041,201909
SN,949,201909
SI,900,201909
JE,891,201909
TT,817,201909
EC,645,201909
GT,568,201909
SK,514,201909
ML,467,201909
LC,437,201909
PS,378,201909
KP,352,201909
VC,351,201909
KH,349,201909
UY,349,201909
BD,331,201909
GD,325,201909
GI,310,201909
GY,305,201909
GG,256,201909
VE,251,201909
KG,245,201909
XK,238,201909
BW,238,201909
ME,231,201909
DM,215,201909
MD,196,201909
LK,186,201909
MM,184,201909
LS,156,201909
SZ,135,201909
AX,120,201909
IM,113,201909
JO,100,201909
SY,95,201909
LY,92,201909
CO,88,201909
GM,87,201909
GW,82,201909
MK,78,201909
MR,74,201909
AZ,64,201909
GN,53,201909
BN,53,201909
KW,52,201909
PY,51,201909
PM,40,201909
NI,38,201909
MQ,34,201909
TJ,28,201909
GP,18,201909
CV,16,201909
NC,8,201909
IQ,4,201909
FO,4,201909
MN,3,201909
GE,3,201909
US,558964,202004
CN,39968,202004
AU,35110,202004
JP,22760,202004
CA,19329,202004
DE,18840,202004
RU,11261,202004
GB,11102,202004
KR,9880,202004
BR,6697,202004
NO,6381,202004
TW,6328,202004
FR,6060,202004
HK,5622,202004
IT,5113,202004
NL,4287,202004
AE,4038,202004
ES,3657,202004
QA,3432,202004
MX,3388,202004
SE,3093,202004
ID,2998,202004
DK,2893,202004
TR,2783,202004
CH,2688,202004
SA,2559,202004
TH,2454,202004
PL,2407,202004
BE,2380,202004
MY,2368,202004
SG,2262,202004
NZ,2212,202004
IN,2150,202004
CZ,1724,202004
IE,1619,202004
GR,1568,202004
FI,1423,202004
PH,1397,202004
AT,1369,202004
KZ,1218,202004
VN,1170,202004
CO,1130,202004
PT,837,202004
PR,836,202004
BH,832,202004
RO,797,202004
HU,750,202004
PE,715,202004
LU,602,202004
IR,537,202004
IL,483,202004
AR,450,202004
LT,443,202004
DZ,395,202004
IS,390,202004
CY,365,202004
ZA,342,202004
UA,312,202004
BY,306,202004
RS,257,202004
EE,257,202004
GE,248,202004
MT,246,202004
BD,242,202004
HR,235,202004
BG,232,202004
SI,223,202004
MA,219,202004
SK,217,202004
BS,214,202004
DO,207,202004
CU,197,202004
LV,192,202004
SN,187,202004
CR,150,202004
OM,140,202004
PK,135,202004
KP,120,202004
PF,108,202004
UZ,106,202004
LK,106,202004
AM,104,202004
BM,84,202004
TN,83,202004
BA,77,202004
BO,69,202004
BB,61,202004
JE,53,202004
LB,46,202004
VE,45,202004
AX,44,202004
LA,39,202004
UY,38,202004
VI,37,202004
CV,31,202004
TT,31,202004
EG,26,202004
GY,23,202004
GI,20,202004
NI,20,202004
AL,18,202004
GT,17,202004
GG,14,202004
SY,14,202004
GM,13,202004
KG,12,202004
IM,11,202004
MR,10,202004
KH,9,202004
GN,9,202004
VC,8,202004
GD,8,202004
VG,8,202004
PM,7,202004
KE,7,202004
NP,7,202004
LC,7,202004
ME,6,202004
MK,6,202004
GW,6,202004
AZ,6,202004
MM,5,202004
XK,4,202004
BW,3,202004
TC,3,202004
FO,2,202004
EC,2,202004
CL,2,202004
BN,2,202004
GP,1,202004
PY,1,202004
KW,1,202004
US,1052692,201905
GB,97638,201905
DE,97362,201905
AU,90055,201905
IN,73595,201905
ES,70395,201905
IT,69405,201905
FR,67732,201905
RU,61365,201905
JP,60360,201905
CA,52899,201905
TR,52064,201905
BR,46252,201905
CN,41288,201905
TH,39504,201905
MY,34029,201905
KR,25570,201905
AE,22471,201905
PH,22329,201905
SA,21864,201905
NL,21599,201905
GR,21000,201905
TW,19654,201905
CH,19584,201905
HK,18844,201905
SE,18113,201905
NZ,17961,201905
NO,17753,201905
MX,17412,201905
PT,16317,201905
BE,15862,201905
DK,15515,201905
PL,15095,201905
ID,14043,201905
AT,13773,201905
IE,12939,201905
QA,10071,201905
ZA,8968,201905
FI,8410,201905
AR,7624,201905
RO,7286,201905
CZ,6578,201905
IL,6112,201905
SG,6097,201905
MA,5802,201905
HU,5739,201905
UA,4661,201905
RS,4368,201905
HR,4097,201905
BG,4005,201905
KZ,3929,201905
PE,3781,201905
DZ,3699,201905
BH,3622,201905
LV,3348,201905
PK,3115,201905
CY,2934,201905
IS,2862,201905
LU,2673,201905
BO,2588,201905
BA,2462,201905
IR,2362,201905
BY,2208,201905
BS,2155,201905
UZ,2147,201905
LT,1919,201905
NP,1859,201905
AL,1626,201905
TN,1498,201905
BM,1460,201905
EG,1396,201905
LA,1373,201905
PF,1347,201905
EE,1294,201905
OM,1203,201905
BB,1199,201905
LB,1148,201905
SN,1080,201905
EC,892,201905
JE,878,201905
LK,763,201905
SI,714,201905
KH,665,201905
TT,542,201905
GD,504,201905
UY,483,201905
GG,460,201905
SK,432,201905
MT,411,201905
KP,404,201905
MK,398,201905
MM,376,201905
LC,356,201905
VC,355,201905
MD,329,201905
XK,321,201905
GY,281,201905
GI,267,201905
BW,267,201905
KG,236,201905
IM,230,201905
CV,225,201905
LS,171,201905
CO,168,201905
SZ,162,201905
MR,153,201905
VE,148,201905
GM,123,201905
GN,96,201905
AX,94,201905
GW,90,201905
PS,84,201905
AZ,72,201905
DM,71,201905
PY,66,201905
TJ,64,201905
ME,64,201905
SY,56,201905
BN,41,201905
PM,41,201905
MQ,29,201905
JO,20,201905
VN,19,201905
LY,18,201905
ZW,8,201905
MN,4,201905
GP,3,201905
CL,3,201905
KW,2,201905
GE,2,201905
IQ,1,201905
ML,1,201905
US,1470579,202109
DE,90700,202109
GB,83330,202109
RU,68780,202109
CA,68170,202109
ES,65077,202109
IT,61739,202109
FR,60903,202109
TR,57477,202109
IN,53194,202109
AU,48748,202109
BR,43478,202109
JP,41636,202109
CN,30309,202109
GR,21562,202109
NO,21547,202109
NL,20656,202109
CH,19751,202109
AE,19134,202109
KR,18701,202109
PL,18693,202109
MX,18077,202109
PT,16127,202109
BE,15852,202109
DK,13505,202109
AT,13053,202109
SE,12449,202109
NZ,10804,202109
QA,10081,202109
SA,9160,202109
RO,8035,202109
IE,7870,202109
CZ,7806,202109
HR,7727,202109
TW,7661,202109
HK,7506,202109
PE,7225,202109
UA,7020,202109
MA,6819,202109
ZA,6437,202109
PH,5636,202109
TH,5490,202109
SG,5351,202109
MY,5314,202109
FI,5077,202109
CY,4464,202109
HU,4445,202109
PA,4016,202109
AR,3921,202109
IL,3877,202109
ID,3734,202109
BG,3615,202109
PR,3350,202109
KE,3239,202109
RS,3194,202109
BA,2697,202109
BD,2654,202109
BS,2646,202109
LU,2585,202109
LV,2498,202109
DZ,2494,202109
BH,2307,202109
EC,2199,202109
MT,2168,202109
LT,2087,202109
EG,2076,202109
KZ,1920,202109
VN,1643,202109
BY,1397,202109
LB,1383,202109
EE,1356,202109
SN,1301,202109
OM,1284,202109
IR,1223,202109
PK,1141,202109
GT,1096,202109
SI,1079,202109
JE,974,202109
AW,958,202109
XK,837,202109
PF,806,202109
MK,773,202109
BB,542,202109
BM,530,202109
SK,516,202109
MD,438,202109
LK,437,202109
GG,429,202109
CW,376,202109
AL,365,202109
IM,335,202109
GI,289,202109
VE,286,202109
ME,281,202109
CO,281,202109
GE,278,202109
LY,276,202109
KP,273,202109
TN,256,202109
IS,232,202109
GD,211,202109
TT,192,202109
PS,190,202109
TZ,161,202109
SY,159,202109
VC,150,202109
UY,111,202109
GY,107,202109
FO,93,202109
GW,88,202109
GM,87,202109
MR,87,202109
LC,82,202109
AX,71,202109
DO,65,202109
KW,56,202109
SV,49,202109
DM,41,202109
JO,40,202109
LA,39,202109
CU,38,202109
MQ,37,202109
GN,20,202109
AZ,16,202109
CV,14,202109
KG,13,202109
VI,10,202109
MN,10,202109
PY,8,202109
KH,7,202109
GP,6,202109
BO,5,202109
BN,2,202109
BQ,2,202109
IQ,2,202109
LS,2,202109
NP,2,202109
MM,1,202109
US,1304091,201910
DE,102296,201910
AU,98968,201910
CN,98805,201910
GB,94612,201910
IN,78109,201910
ES,77260,201910
CA,65917,201910
IT,65712,201910
FR,65276,201910
TR,64216,201910
RU,59918,201910
JP,56879,201910
BR,51908,201910
TH,38939,201910
MY,37463,201910
AE,28931,201910
KR,25997,201910
NO,23382,201910
NL,22710,201910
PH,22461,201910
NZ,21895,201910
SA,21471,201910
TW,21384,201910
HK,21285,201910
CH,19815,201910
GR,19467,201910
SE,18806,201910
ID,16788,201910
DK,16711,201910
PL,16709,201910
SG,16303,201910
BE,15931,201910
PT,15623,201910
AT,13816,201910
IE,12863,201910
QA,11478,201910
ZA,10798,201910
FI,10365,201910
PE,10033,201910
AR,9986,201910
IL,7685,201910
CZ,7327,201910
VN,6628,201910
RO,6323,201910
HU,5814,201910
UA,5607,201910
MA,5302,201910
MX,5192,201910
KZ,4788,201910
RS,4639,201910
BH,4104,201910
LV,3706,201910
HR,3706,201910
DZ,3566,201910
IR,3519,201910
LU,2879,201910
MT,2709,201910
CY,2667,201910
CR,2664,201910
LT,2504,201910
BG,2501,201910
BA,2439,201910
OM,2406,201910
TN,2134,201910
PK,2107,201910
IS,2044,201910
BS,1959,201910
BY,1868,201910
CO,1858,201910
UZ,1823,201910
LB,1762,201910
EG,1661,201910
LA,1627,201910
BO,1570,201910
EE,1550,201910
PF,1544,201910
NP,1180,201910
BB,1123,201910
BD,1075,201910
SN,1045,201910
TT,847,201910
LK,824,201910
BM,809,201910
AL,808,201910
SI,795,201910
JE,703,201910
GT,628,201910
ML,580,201910
KH,533,201910
EC,533,201910
PS,513,201910
LC,461,201910
SK,440,201910
KP,408,201910
GD,367,201910
VC,363,201910
GY,341,201910
NI,285,201910
UY,275,201910
MK,260,201910
GI,259,201910
KG,253,201910
GG,242,201910
VE,231,201910
MD,212,201910
BW,183,201910
XK,178,201910
DM,173,201910
AX,148,201910
MM,147,201910
IM,129,201910
JO,122,201910
LS,122,201910
GM,111,201910
SY,109,201910
ME,107,201910
MR,103,201910
SZ,103,201910
AZ,91,201910
GW,89,201910
GN,86,201910
CV,67,201910
MQ,60,201910
KW,59,201910
LY,58,201910
PY,57,201910
TJ,39,201910
PM,32,201910
BN,10,201910
GP,10,201910
IQ,6,201910
NC,5,201910
GE,3,201910
SV,1,201910
US,926918,202102
AU,60104,202102
IN,58783,202102
CN,54574,202102
BR,34269,202102
RU,34163,202102
DE,30585,202102
CA,26164,202102
FR,24079,202102
TR,23694,202102
JP,22839,202102
NZ,21436,202102
GB,20445,202102
KR,16254,202102
IT,16059,202102
VN,15404,202102
ES,13935,202102
AE,12497,202102
MX,12308,202102
NO,12114,202102
TW,8847,202102
CO,8510,202102
NL,8208,202102
CH,7653,202102
SA,6442,202102
QA,6405,202102
ID,6070,202102
PH,5771,202102
BS,5071,202102
HK,4996,202102
BE,4778,202102
PR,4767,202102
SE,4652,202102
MY,4430,202102
SG,4267,202102
PL,4118,202102
KZ,3722,202102
DK,3682,202102
AT,3554,202102
TH,3552,202102
ZA,3340,202102
PE,3232,202102
MA,3121,202102
BD,2878,202102
PA,2839,202102
PT,2759,202102
GR,2745,202102
UA,2658,202102
FI,2646,202102
KE,2485,202102
CZ,2333,202102
RO,2309,202102
IE,2272,202102
IR,2150,202102
PK,2045,202102
CU,1728,202102
DZ,1655,202102
GT,1367,202102
BH,1274,202102
EG,1256,202102
CL,1245,202102
IL,1148,202102
OM,1125,202102
LU,1080,202102
HU,1009,202102
CY,869,202102
EC,863,202102
HR,844,202102
RS,822,202102
BY,800,202102
VI,785,202102
CR,780,202102
UZ,777,202102
SN,755,202102
BG,741,202102
LB,712,202102
PF,697,202102
LT,684,202102
BA,631,202102
AR,578,202102
MT,545,202102
LV,510,202102
NI,484,202102
NP,467,202102
EE,443,202102
SI,396,202102
KP,269,202102
TN,249,202102
LK,239,202102
BM,237,202102
IS,231,202102
PS,223,202102
MK,182,202102
VG,174,202102
SY,173,202102
JE,168,202102
SK,152,202102
LY,151,202102
BB,149,202102
KG,135,202102
VE,134,202102
ML,128,202102
JO,122,202102
ME,116,202102
AL,116,202102
UY,115,202102
LC,103,202102
GG,93,202102
GI,93,202102
TZ,92,202102
MD,90,202102
TT,85,202102
GY,82,202102
GM,70,202102
VC,64,202102
GW,56,202102
AX,55,202102
IM,52,202102
MM,50,202102
GD,50,202102
KH,41,202102
MR,39,202102
XK,35,202102
KW,33,202102
CV,29,202102
DM,20,202102
MQ,15,202102
LA,14,202102
AF,14,202102
GN,12,202102
HN,11,202102
TJ,10,202102
FO,6,202102
IQ,5,202102
SV,5,202102
BW,5,202102
AZ,5,202102
GP,4,202102
DO,2,202102
PY,1,202102
CM,1,202102
US,793807,201902
AU,87293,201902
DE,75381,201902
GB,71486,201902
IN,68795,201902
JP,57051,201902
ES,50411,201902
BR,49975,201902
IT,48968,201902
FR,47788,201902
RU,45761,201902
TR,44541,201902
CN,41080,201902
CA,36331,201902
MY,32530,201902
ID,29404,201902
AE,23984,201902
SA,20817,201902
KR,18272,201902
PH,17867,201902
TW,17729,201902
CH,17325,201902
NZ,17194,201902
HK,16520,201902
SE,15204,201902
NO,14876,201902
NL,14636,201902
MX,12782,201902
DK,12275,201902
BE,11407,201902
PT,10843,201902
PL,10423,201902
GR,10073,201902
AT,9768,201902
IE,9581,201902
QA,9469,201902
AR,9265,201902
BS,7107,201902
FI,6868,201902
MA,6446,201902
ZA,5935,201902
TH,5906,201902
RO,5777,201902
CZ,4772,201902
SG,4326,201902
HU,4251,201902
OM,3846,201902
IL,3665,201902
IR,3319,201902
BH,3206,201902
UA,2949,201902
DZ,2945,201902
CL,2924,201902
LK,2870,201902
IS,2531,201902
EG,2515,201902
BO,2387,201902
KZ,2264,201902
LV,1988,201902
BY,1921,201902
CU,1873,201902
BG,1819,201902
LU,1794,201902
CY,1642,201902
LT,1569,201902
HR,1539,201902
UZ,1510,201902
LA,1447,201902
LB,1396,201902
BM,1312,201902
MT,1245,201902
BA,1136,201902
RS,1107,201902
GE,1044,201902
KG,1006,201902
TN,999,201902
SN,989,201902
NP,919,201902
EE,783,201902
UY,778,201902
MK,570,201902
MM,532,201902
VN,503,201902
PS,499,201902
SI,452,201902
JE,413,201902
XK,361,201902
VE,358,201902
AL,307,201902
PY,299,201902
SK,262,201902
SY,258,201902
AW,241,201902
BW,232,201902
MZ,228,201902
JO,218,201902
GM,218,201902
CO,208,201902
MD,197,201902
GI,170,201902
GY,159,201902
CW,154,201902
PE,145,201902
TT,138,201902
EC,137,201902
GG,130,201902
KP,129,201902
CV,98,201902
GW,96,201902
MR,85,201902
GN,72,201902
BD,67,201902
IM,63,201902
AX,60,201902
TJ,43,201902
LY,42,201902
BQ,40,201902
PM,30,201902
ME,29,201902
DO,26,201902
ZW,23,201902
MW,18,201902
GD,14,201902
PK,14,201902
BN,14,201902
LS,12,201902
MN,8,201902
PR,8,201902
AZ,7,201902
SZ,2,201902
NC,1,201902
VC,1,201902
US,1362820,202105
CN,82077,202105
AU,77587,202105
RU,54897,202105
DE,48670,202105
GB,43493,202105
CA,37991,202105
JP,37221,202105
FR,33351,202105
BR,32625,202105
ES,29503,202105
IT,27943,202105
IN,26735,202105
TR,25451,202105
NZ,22726,202105
MX,22087,202105
KR,21741,202105
NO,14210,202105
AE,13539,202105
NL,11504,202105
CH,10310,202105
VN,9588,202105
ID,9368,202105
PL,9040,202105
PT,8937,202105
TW,8792,202105
CO,8128,202105
BE,7854,202105
SA,7519,202105
BS,7397,202105
QA,7057,202105
DK,6811,202105
HK,6566,202105
PR,6231,202105
GR,6227,202105
UA,6082,202105
SE,6052,202105
AT,6045,202105
ZA,6004,202105
PE,5406,202105
SG,5108,202105
MY,4925,202105
KZ,4772,202105
EG,4757,202105
CZ,4418,202105
RO,4275,202105
TH,4214,202105
PA,3459,202105
PH,3061,202105
IE,2866,202105
FI,2720,202105
IL,2696,202105
KE,2495,202105
IR,2481,202105
PK,2256,202105
BD,2142,202105
HR,1996,202105
CU,1930,202105
CY,1906,202105
DZ,1827,202105
RS,1774,202105
BH,1712,202105
UZ,1689,202105
HU,1608,202105
LU,1592,202105
MA,1591,202105
LT,1437,202105
BY,1391,202105
KW,1385,202105
BG,1244,202105
LV,1217,202105
BA,1192,202105
GT,1037,202105
LB,1024,202105
EC,964,202105
PF,948,202105
SN,913,202105
MT,817,202105
AW,773,202105
VI,758,202105
EE,736,202105
IS,683,202105
IQ,669,202105
SI,590,202105
CL,539,202105
AR,532,202105
TN,531,202105
NI,492,202105
ML,479,202105
JE,473,202105
BB,435,202105
AL,391,202105
SK,378,202105
BM,368,202105
PS,364,202105
JO,328,202105
OM,301,202105
SY,279,202105
MK,277,202105
MD,251,202105
KG,246,202105
LC,230,202105
GG,219,202105
ME,218,202105
VE,213,202105
LY,206,202105
KH,203,202105
LK,199,202105
TT,179,202105
GD,167,202105
TZ,144,202105
NP,140,202105
VG,133,202105
VC,124,202105
XK,120,202105
CW,118,202105
MM,112,202105
GI,102,202105
SV,100,202105
GY,98,202105
IM,89,202105
UY,82,202105
GN,75,202105
PY,72,202105
GM,70,202105
GE,69,202105
TJ,62,202105
CV,62,202105
GW,49,202105
DM,49,202105
MR,47,202105
AZ,30,202105
LA,28,202105
AX,27,202105
MQ,23,202105
BW,22,202105
GP,15,202105
FO,11,202105
CR,5,202105
BQ,5,202105
HN,5,202105
DO,3,202105
BO,3,202105
CM,3,202105
BN,2,202105
LS,1,202105
US,1253635,202202
AU,71372,202202
GB,61582,202202
DE,58672,202202
CA,54080,202202
CN,52341,202202
FR,47812,202202
IN,46711,202202
ES,46394,202202
BR,43611,202202
RU,42158,202202
IT,41663,202202
JP,41073,202202
TR,34929,202202
MX,25746,202202
AE,22922,202202
KR,20846,202202
NZ,18807,202202
CH,17353,202202
NO,16432,202202
NL,15306,202202
PT,12849,202202
PH,12511,202202
MY,11706,202202
PL,11553,202202
BE,11515,202202
VN,10816,202202
SE,9735,202202
DK,9606,202202
SA,9335,202202
GR,8759,202202
QA,8524,202202
TH,8258,202202
AR,8181,202202
AT,8180,202202
PE,7775,202202
IE,7374,202202
TW,7367,202202
ZA,6719,202202
PR,6226,202202
FI,5466,202202
PA,4943,202202
MA,4730,202202
RO,4724,202202
KZ,4456,202202
DO,4282,202202
CZ,4022,202202
UA,3609,202202
IL,3554,202202
CO,3340,202202
HU,3306,202202
BS,3238,202202
HK,2897,202202
CY,2727,202202
DZ,2494,202202
ID,2491,202202
EG,2306,202202
BH,2135,202202
PK,2114,202202
LU,2072,202202
IS,1889,202202
BD,1842,202202
BG,1792,202202
RS,1724,202202
HR,1659,202202
LV,1640,202202
IR,1627,202202
SG,1579,202202
LT,1578,202202
PF,1465,202202
GT,1414,202202
BA,1330,202202
EC,1291,202202
OM,1275,202202
MT,1238,202202
LB,1206,202202
SN,1103,202202
BB,1049,202202
EE,1003,202202
AW,981,202202
VI,906,202202
GE,810,202202
BY,706,202202
JE,653,202202
SI,565,202202
BM,510,202202
GG,399,202202
CL,377,202202
ME,350,202202
GD,339,202202
VE,337,202202
IM,322,202202
CW,316,202202
MK,315,202202
GY,309,202202
VC,296,202202
TT,262,202202
LK,244,202202
GI,235,202202
KP,232,202202
KG,225,202202
SK,223,202202
AL,203,202202
GM,195,202202
LY,184,202202
SY,184,202202
MD,175,202202
PS,169,202202
XK,160,202202
JO,156,202202
KE,155,202202
GN,130,202202
UY,111,202202
LC,99,202202
SV,97,202202
GW,92,202202
MQ,60,202202
CU,60,202202
VG,56,202202
MR,46,202202
CV,46,202202
LA,42,202202
AX,38,202202
DM,32,202202
BN,30,202202
HT,24,202202
MN,6,202202
AZ,6,202202
MV,5,202202
BO,5,202202
MM,4,202202
KW,3,202202
BQ,2,202202
FO,2,202202
NA,1,202202
ET,1,202202
TC,1,202202
GP,1,202202
EH,1,202202
US,1372661,202111
GB,70204,202111
DE,64926,202111
AU,60599,202111
CA,60589,202111
IN,58408,202111
JP,50755,202111
RU,50513,202111
FR,49441,202111
ES,47607,202111
IT,46864,202111
BR,46715,202111
TR,41154,202111
MX,30889,202111
CN,28758,202111
KR,23503,202111
NO,22419,202111
NZ,17920,202111
NL,16928,202111
PT,15047,202111
PL,14145,202111
CH,13899,202111
BE,13060,202111
MY,11820,202111
SE,11754,202111
DK,11712,202111
PH,10783,202111
GR,10176,202111
AE,9601,202111
TH,9517,202111
AT,9205,202111
QA,9150,202111
SA,8625,202111
TW,8356,202111
PE,8062,202111
MA,7891,202111
IE,7585,202111
ZA,7087,202111
AR,6797,202111
CO,6273,202111
SG,6087,202111
FI,5776,202111
UA,5755,202111
PR,5459,202111
RO,5374,202111
PA,4844,202111
HK,4832,202111
CZ,4812,202111
EG,4687,202111
KZ,4679,202111
ID,4557,202111
IL,4532,202111
HU,3881,202111
IR,3701,202111
CY,3199,202111
VN,2524,202111
PK,2354,202111
LU,2345,202111
BH,2249,202111
BS,2219,202111
DZ,2194,202111
LV,2173,202111
IS,2147,202111
HR,2121,202111
EC,1983,202111
BG,1962,202111
LT,1768,202111
MT,1738,202111
RS,1710,202111
GT,1636,202111
BA,1609,202111
PF,1506,202111
DO,1353,202111
EE,1258,202111
SN,1100,202111
BD,1037,202111
AW,1019,202111
BY,1015,202111
LB,887,202111
BB,847,202111
JE,734,202111
GE,613,202111
SI,588,202111
LK,579,202111
KP,550,202111
BM,509,202111
PS,502,202111
XK,412,202111
MK,410,202111
GG,408,202111
VI,384,202111
IM,376,202111
CW,333,202111
GD,330,202111
CL,317,202111
UY,296,202111
AL,284,202111
KG,269,202111
SK,268,202111
VE,234,202111
VC,234,202111
MD,228,202111
JO,214,202111
OM,210,202111
GI,208,202111
SY,193,202111
GY,171,202111
TT,169,202111
GM,169,202111
PY,155,202111
LY,138,202111
ME,131,202111
KE,105,202111
TN,104,202111
SV,95,202111
GW,85,202111
CV,76,202111
AZ,72,202111
LC,62,202111
MR,50,202111
LA,49,202111
GN,45,202111
VG,41,202111
CU,30,202111
AX,25,202111
MQ,19,202111
DM,15,202111
KW,8,202111
NP,8,202111
FO,8,202111
MN,7,202111
MM,5,202111
BQ,4,202111
BO,2,202111
MV,1,202111
IQ,1,202111
BN,1,202111
CM,1,202111
US,1595586,202208
GB,123936,202208
DE,110898,202208
CA,108243,202208
AU,90365,202208
ES,87436,202208
IT,83862,202208
FR,82563,202208
IN,70544,202208
TR,66533,202208
JP,66024,202208
RU,56824,202208
BR,48311,202208
GR,31342,202208
AE,28425,202208
NO,27122,202208
NL,26038,202208
CH,24635,202208
PL,24578,202208
MX,24527,202208
NZ,23895,202208
KR,23818,202208
PT,22015,202208
PH,19854,202208
TH,19697,202208
BE,19035,202208
DK,19032,202208
MY,18391,202208
SE,16615,202208
AT,15878,202208
CN,14920,202208
IE,14029,202208
VN,13858,202208
SA,13519,202208
QA,11116,202208
AR,10680,202208
TW,9871,202208
MA,9587,202208
RO,9569,202208
CZ,9353,202208
FI,8156,202208
IL,7666,202208
ZA,7645,202208
ID,7608,202208
PE,7371,202208
KZ,6638,202208
CY,6155,202208
HR,6141,202208
PR,6057,202208
HU,6026,202208
DO,5847,202208
BD,5521,202208
DZ,5239,202208
AL,5230,202208
BG,4670,202208
BS,4239,202208
PA,4200,202208
HK,4025,202208
RS,3947,202208
BA,3357,202208
LU,3266,202208
EC,3227,202208
BH,3196,202208
OM,2837,202208
LT,2788,202208
LV,2615,202208
MK,2534,202208
GT,2351,202208
MT,2258,202208
IR,2184,202208
EG,2182,202208
PK,2110,202208
LB,2013,202208
SG,1917,202208
EE,1795,202208
GE,1398,202208
SN,1385,202208
XK,1358,202208
PS,1241,202208
JE,1224,202208
BY,1173,202208
SI,1170,202208
PF,1078,202208
SV,1012,202208
AW,943,202208
GG,910,202208
BB,900,202208
LK,825,202208
BM,673,202208
KP,592,202208
SK,586,202208
IM,577,202208
JO,554,202208
MD,403,202208
VE,403,202208
GY,387,202208
CU,340,202208
SY,315,202208
CW,312,202208
HT,309,202208
GI,307,202208
GD,286,202208
CO,256,202208
VC,255,202208
LY,254,202208
HN,248,202208
VI,244,202208
MM,241,202208
TT,240,202208
LC,228,202208
TC,201,202208
NI,190,202208
GM,168,202208
ME,147,202208
FO,119,202208
UY,115,202208
DM,105,202208
GW,102,202208
MQ,98,202208
AZ,90,202208
LA,88,202208
AX,54,202208
BN,52,202208
MR,50,202208
TN,48,202208
GN,48,202208
LS,41,202208
NP,31,202208
IS,18,202208
BO,17,202208
SZ,16,202208
BT,12,202208
CV,10,202208
KW,8,202208
GP,8,202208
VG,6,202208
MN,4,202208
CM,3,202208
BQ,3,202208
YE,3,202208
IQ,3,202208
MV,2,202208
PM,1,202208
US,1047476,202009
CN,81166,202009
DE,60585,202009
GB,55654,202009
RU,50822,202009
AU,47670,202009
FR,41166,202009
CA,39728,202009
TR,38276,202009
IT,38208,202009
ES,33279,202009
JP,32423,202009
IN,30707,202009
BR,24455,202009
NZ,16717,202009
NO,15939,202009
NL,13577,202009
KR,13080,202009
PL,12509,202009
CH,12483,202009
AE,11212,202009
MY,10125,202009
MX,9766,202009
GR,9700,202009
PT,9612,202009
TW,9586,202009
BE,9212,202009
DK,8717,202009
AT,7716,202009
SE,6874,202009
ID,6471,202009
TH,6366,202009
QA,6330,202009
HK,5990,202009
UA,5722,202009
SA,5101,202009
VN,4996,202009
IE,4930,202009
CZ,4564,202009
RO,4347,202009
PH,4206,202009
CO,3990,202009
SG,3746,202009
FI,3577,202009
PK,3003,202009
EG,2709,202009
HR,2591,202009
PR,2331,202009
ZA,2319,202009
MA,2268,202009
IR,2263,202009
RS,2179,202009
CY,1912,202009
KZ,1901,202009
LV,1774,202009
LU,1747,202009
LT,1746,202009
IL,1662,202009
AL,1621,202009
HU,1617,202009
PE,1579,202009
BD,1562,202009
BS,1377,202009
BY,1339,202009
BG,1323,202009
MT,1234,202009
BA,1161,202009
BH,1132,202009
DO,1121,202009
GT,1021,202009
DZ,1021,202009
PF,893,202009
AR,811,202009
EE,790,202009
BO,776,202009
SI,762,202009
TN,758,202009
LB,749,202009
UZ,682,202009
IQ,605,202009
IS,583,202009
JE,556,202009
OM,541,202009
CU,517,202009
SK,483,202009
KW,406,202009
ME,402,202009
EC,338,202009
BB,309,202009
BM,293,202009
CR,287,202009
MD,242,202009
GG,211,202009
MK,208,202009
GI,180,202009
PS,164,202009
NI,156,202009
LK,144,202009
XK,139,202009
KP,125,202009
TT,120,202009
LY,119,202009
GD,111,202009
HT,101,202009
TC,96,202009
SY,91,202009
IM,82,202009
AX,82,202009
JO,70,202009
KG,66,202009
GY,58,202009
VE,51,202009
KH,45,202009
HN,44,202009
KE,43,202009
VC,36,202009
AZ,34,202009
SV,33,202009
UY,27,202009
LA,24,202009
TJ,16,202009
LC,12,202009
DM,11,202009
VI,9,202009
FO,9,202009
PY,5,202009
MQ,4,202009
NP,4,202009
BW,3,202009
CM,2,202009
PM,2,202009
GP,1,202009
BJ,1,202009
US,967998,201904
DE,89539,201904
AU,87889,201904
GB,87494,201904
IN,68334,201904
ES,64801,201904
FR,64296,201904
IT,63939,201904
JP,58671,201904
CN,55634,201904
RU,53638,201904
TR,48099,201904
BR,47738,201904
CA,45403,201904
MY,34914,201904
TH,32411,201904
KR,28464,201904
AE,23706,201904
PH,22309,201904
SA,21735,201904
TW,21015,201904
NL,20237,201904
NZ,18570,201904
CH,18453,201904
HK,17857,201904
SE,17039,201904
MX,16241,201904
ID,16226,201904
GR,15981,201904
NO,15196,201904
PT,15103,201904
BE,14959,201904
DK,14524,201904
PL,12802,201904
AT,12753,201904
IE,11435,201904
QA,9909,201904
AR,9428,201904
FI,7659,201904
SG,7095,201904
MA,7049,201904
RO,6474,201904
IL,5866,201904
CZ,5813,201904
HU,5423,201904
UA,4696,201904
DZ,3965,201904
RS,3839,201904
BH,3650,201904
KZ,3629,201904
ZA,3245,201904
PK,3149,201904
HR,3025,201904
LV,2945,201904
BO,2701,201904
BS,2514,201904
LU,2473,201904
IR,2430,201904
CY,2373,201904
PE,2278,201904
IS,2257,201904
BA,2155,201904
BG,2133,201904
UZ,2076,201904
BY,1853,201904
TN,1683,201904
LT,1674,201904
PF,1669,201904
BM,1444,201904
LB,1427,201904
OM,1408,201904
BB,1291,201904
NP,1288,201904
KP,1268,201904
EE,1128,201904
SN,1062,201904
EG,956,201904
AL,884,201904
JE,838,201904
LK,828,201904
SI,684,201904
UY,587,201904
EC,475,201904
GD,465,201904
TT,463,201904
LA,391,201904
SK,355,201904
VC,351,201904
GG,351,201904
GI,335,201904
MM,326,201904
XK,297,201904
KG,281,201904
LC,273,201904
MD,259,201904
GY,241,201904
IM,236,201904
MK,214,201904
VE,210,201904
CV,203,201904
GM,152,201904
MR,145,201904
KH,115,201904
CL,110,201904
AX,109,201904
MT,102,201904
BW,100,201904
GW,87,201904
CO,86,201904
GN,81,201904
SY,77,201904
ME,76,201904
GE,69,201904
PY,69,201904
TJ,60,201904
DM,39,201904
JO,36,201904
LY,34,201904
PM,34,201904
PS,25,201904
SZ,18,201904
MQ,17,201904
BN,15,201904
LS,13,201904
MN,5,201904
VN,5,201904
BD,1,201904
AZ,1,201904
KW,1,201904
US,1050816,202012
CN,84439,202012
AU,64597,202012
IN,57721,202012
JP,47077,202012
BR,41181,202012
RU,39362,202012
CA,34144,202012
GB,34136,202012
DE,31608,202012
FR,26237,202012
TR,23684,202012
ES,22009,202012
MX,21935,202012
NZ,21607,202012
IT,19937,202012
KR,17506,202012
AE,15371,202012
VN,12328,202012
NO,12319,202012
CO,11395,202012
NL,10425,202012
TW,10108,202012
ID,9199,202012
MY,8143,202012
CH,7744,202012
HK,7478,202012
QA,7115,202012
PT,6596,202012
SA,6592,202012
PH,6465,202012
TH,6241,202012
BE,6084,202012
PL,5536,202012
ZA,5148,202012
SG,5009,202012
SE,4926,202012
PE,4665,202012
DK,4653,202012
MA,4336,202012
PR,4002,202012
KZ,3687,202012
UA,3522,202012
BS,3501,202012
AT,3418,202012
GR,3394,202012
IE,3079,202012
PK,2906,202012
FI,2761,202012
RO,2728,202012
PA,2562,202012
CZ,2375,202012
IR,2366,202012
IL,2043,202012
GT,1992,202012
BD,1894,202012
EG,1533,202012
BH,1491,202012
LU,1427,202012
DZ,1413,202012
HU,1169,202012
EC,1136,202012
OM,1125,202012
LB,1120,202012
BG,1113,202012
UZ,1032,202012
CU,1031,202012
CR,1017,202012
CY,996,202012
LV,994,202012
HR,943,202012
RS,902,202012
BY,861,202012
LT,841,202012
BA,805,202012
NI,775,202012
IS,737,202012
CL,711,202012
MT,703,202012
BB,694,202012
BM,574,202012
EE,558,202012
PF,536,202012
AR,516,202012
NP,381,202012
LK,361,202012
JE,297,202012
GD,267,202012
SI,265,202012
GI,253,202012
LC,248,202012
MK,235,202012
PS,226,202012
SK,225,202012
VC,224,202012
KP,210,202012
VI,210,202012
ME,207,202012
TT,190,202012
UY,176,202012
SY,160,202012
GG,157,202012
GY,144,202012
JO,136,202012
MD,134,202012
AL,131,202012
KG,129,202012
LY,121,202012
VE,109,202012
MQ,106,202012
TN,105,202012
HN,79,202012
IM,77,202012
XK,71,202012
AX,37,202012
VG,33,202012
GP,24,202012
DM,24,202012
SV,21,202012
BW,17,202012
TJ,15,202012
KH,9,202012
KW,9,202012
MV,7,202012
BO,6,202012
DO,4,202012
AZ,4,202012
CM,1,202012
IQ,1,202012
GE,1,202012
BN,1,202012
US,1276110,202201
AU,72163,202201
GB,63670,202201
JP,57227,202201
CA,56324,202201
DE,55889,202201
CN,51202,202201
BR,51036,202201
IN,50533,202201
RU,49822,202201
ES,45953,202201
FR,44858,202201
IT,41818,202201
TR,36391,202201
MX,31869,202201
NZ,25532,202201
AE,22823,202201
KR,22348,202201
NO,17133,202201
CH,16940,202201
NL,16081,202201
MY,13575,202201
PT,13135,202201
TH,12245,202201
PL,12029,202201
BE,11152,202201
PH,10906,202201
SE,10085,202201
SA,9739,202201
DK,9443,202201
GR,9378,202201
VN,9230,202201
TW,9090,202201
QA,8987,202201
PE,8497,202201
AT,8362,202201
AR,8038,202201
ID,7512,202201
IE,7328,202201
SG,7173,202201
ZA,6969,202201
PR,6577,202201
FI,6087,202201
UA,5933,202201
RO,5521,202201
PA,4819,202201
HK,4237,202201
CZ,3848,202201
KZ,3587,202201
HU,3430,202201
IL,3379,202201
BS,3299,202201
EG,2893,202201
CY,2582,202201
MA,2451,202201
HR,2415,202201
DZ,2313,202201
PK,2245,202201
BH,2243,202201
EC,2215,202201
BG,2135,202201
LV,1954,202201
LU,1946,202201
BD,1939,202201
RS,1850,202201
BA,1795,202201
IS,1745,202201
DO,1742,202201
LT,1670,202201
GT,1549,202201
PF,1540,202201
LB,1383,202201
IR,1301,202201
SN,1242,202201
BB,1173,202201
EE,1141,202201
AW,1108,202201
VI,1032,202201
MT,1030,202201
OM,1007,202201
BY,862,202201
GE,815,202201
SI,674,202201
JE,608,202201
BM,604,202201
GG,399,202201
GD,385,202201
MK,348,202201
IM,343,202201
CW,342,202201
PS,338,202201
CL,325,202201
VE,316,202201
GY,302,202201
LK,299,202201
VC,298,202201
MD,267,202201
XK,257,202201
UY,255,202201
GM,254,202201
SK,246,202201
CO,241,202201
TT,224,202201
CU,202,202201
KG,192,202201
SY,192,202201
KP,187,202201
JO,184,202201
KE,175,202201
SV,167,202201
LY,140,202201
LC,128,202201
AL,126,202201
GI,111,202201
GN,105,202201
GW,90,202201
ME,74,202201
MQ,72,202201
VG,60,202201
AX,56,202201
CV,51,202201
LA,48,202201
MR,45,202201
DM,44,202201
AZ,18,202201
BO,17,202201
MN,13,202201
NI,11,202201
BZ,8,202201
TN,7,202201
BN,6,202201
BQ,6,202201
MV,5,202201
FO,3,202201
TZ,3,202201
HN,2,202201
NP,2,202201
GP,2,202201
NA,2,202201
LS,1,202201
KW,1,202201
US,1484895,202106
AU,66538,202106
RU,66506,202106
DE,65216,202106
CN,61489,202106
GB,58266,202106
FR,46643,202106
CA,46574,202106
IT,45497,202106
ES,44749,202106
TR,42200,202106
BR,36144,202106
JP,36055,202106
IN,30058,202106
NZ,22273,202106
KR,21829,202106
MX,19634,202106
NO,16667,202106
PL,15256,202106
AE,14313,202106
NL,14277,202106
CH,14026,202106
GR,13145,202106
PT,12260,202106
BE,11194,202106
ID,11160,202106
DK,9800,202106
CO,9324,202106
AT,9139,202106
UA,8660,202106
BS,8622,202106
SE,8524,202106
SA,8457,202106
QA,8443,202106
HK,6744,202106
CZ,6609,202106
RO,6217,202106
ZA,5801,202106
PR,5691,202106
PE,5536,202106
SG,5455,202106
TW,4992,202106
KZ,4923,202106
PH,4627,202106
IE,4154,202106
EG,4138,202106
MY,3950,202106
MA,3915,202106
IL,3776,202106
VN,3764,202106
PA,3690,202106
HR,3612,202106
FI,3597,202106
HU,2881,202106
RS,2651,202106
CY,2635,202106
BG,2416,202106
IR,2243,202106
UZ,2147,202106
DZ,2129,202106
IS,1915,202106
LU,1908,202106
BH,1884,202106
BA,1862,202106
KE,1850,202106
BD,1822,202106
LT,1809,202106
KW,1755,202106
LV,1732,202106
MT,1517,202106
TH,1372,202106
LB,1296,202106
BY,1162,202106
AL,1144,202106
GT,1088,202106
TN,993,202106
EE,966,202106
SN,964,202106
AW,928,202106
NI,906,202106
SI,841,202106
IQ,828,202106
CL,826,202106
OM,728,202106
JE,710,202106
PS,702,202106
ML,641,202106
MK,635,202106
SK,630,202106
MD,534,202106
VI,511,202106
BM,504,202106
BB,445,202106
XK,440,202106
CU,396,202106
LK,351,202106
SY,334,202106
LC,326,202106
GE,321,202106
AR,312,202106
PF,300,202106
ME,291,202106
KG,276,202106
GG,262,202106
GI,241,202106
LY,233,202106
EC,191,202106
TT,185,202106
GD,185,202106
VC,175,202106
JO,160,202106
VE,154,202106
TJ,138,202106
CW,132,202106
KP,130,202106
IM,114,202106
GY,111,202106
PK,104,202106
SV,104,202106
UY,100,202106
DM,90,202106
GM,90,202106
GN,73,202106
TZ,69,202106
GW,66,202106
VG,58,202106
PY,50,202106
CV,50,202106
NP,47,202106
MR,45,202106
MN,40,202106
LA,27,202106
FO,23,202106
BW,21,202106
MQ,21,202106
GP,16,202106
AX,16,202106
KH,15,202106
CR,6,202106
BQ,5,202106
BN,5,202106
DO,1,202106
CM,1,202106
US,957057,201903
AU,89518,201903
DE,83777,201903
GB,80296,201903
IN,72037,201903
JP,59074,201903
IT,56076,201903
FR,55867,201903
ES,55285,201903
TR,52530,201903
BR,52035,201903
RU,51373,201903
CN,49782,201903
CA,46782,201903
MY,35360,201903
AE,25901,201903
SA,21390,201903
PH,21287,201903
TW,21071,201903
ID,20740,201903
CH,19649,201903
NZ,19605,201903
MX,18365,201903
SE,17782,201903
NL,17540,201903
NO,16747,201903
HK,15312,201903
DK,14241,201903
KR,13525,201903
BE,13394,201903
GR,13177,201903
PT,12482,201903
AT,11826,201903
PL,11671,201903
QA,11451,201903
IE,10869,201903
AR,9772,201903
TH,8876,201903
SG,8737,201903
FI,7794,201903
MA,7326,201903
RO,6250,201903
CZ,5566,201903
ZA,5357,201903
HU,5172,201903
BS,5155,201903
DZ,4447,201903
KZ,3902,201903
IR,3677,201903
UA,3484,201903
BO,2768,201903
IS,2737,201903
LV,2424,201903
BH,2411,201903
LU,2135,201903
BY,1994,201903
UZ,1932,201903
RS,1932,201903
HR,1928,201903
IL,1906,201903
NP,1711,201903
LT,1689,201903
BA,1574,201903
BG,1572,201903
OM,1520,201903
EG,1452,201903
PF,1336,201903
LK,1323,201903
TN,1133,201903
CL,1120,201903
BM,1083,201903
SN,1058,201903
EE,928,201903
CY,899,201903
BB,862,201903
CU,858,201903
UY,719,201903
LB,647,201903
JE,596,201903
SI,543,201903
KG,476,201903
KP,410,201903
MT,403,201903
MM,388,201903
AL,379,201903
MK,369,201903
PE,359,201903
TT,354,201903
GD,295,201903
SK,266,201903
GG,260,201903
EC,249,201903
VE,235,201903
GM,221,201903
VC,216,201903
GY,215,201903
PS,214,201903
JO,212,201903
GE,211,201903
GI,203,201903
BW,194,201903
MD,181,201903
XK,166,201903
PY,163,201903
CV,153,201903
LC,141,201903
SY,112,201903
MR,99,201903
MZ,96,201903
GW,86,201903
AX,84,201903
CO,82,201903
GN,70,201903
ME,58,201903
IM,37,201903
TJ,36,201903
PM,33,201903
LY,30,201903
SZ,27,201903
PK,27,201903
AZ,20,201903
BD,14,201903
ZW,10,201903
DM,9,201903
MQ,8,201903
MW,8,201903
BN,8,201903
AW,6,201903
CW,3,201903
US,1334017,202112
AU,78888,202112
IN,68965,202112
GB,66938,202112
CA,64679,202112
DE,63312,202112
JP,58407,202112
BR,55618,202112
ES,53465,202112
RU,52987,202112
FR,52407,202112
IT,48729,202112
TR,40179,202112
CN,40159,202112
MX,33743,202112
KR,24546,202112
NZ,22886,202112
NO,20543,202112
NL,17627,202112
CH,16001,202112
MY,14875,202112
PT,14410,202112
PL,14148,202112
PH,13660,202112
BE,13174,202112
TH,12980,202112
SE,11910,202112
DK,11159,202112
GR,10880,202112
AE,10771,202112
SA,10119,202112
QA,9429,202112
TW,9123,202112
AT,8813,202112
PE,8687,202112
IE,8577,202112
AR,8330,202112
ZA,7371,202112
SG,7266,202112
FI,7151,202112
PR,6853,202112
ID,6851,202112
RO,6301,202112
UA,6112,202112
KZ,5472,202112
HK,4771,202112
IR,4679,202112
CZ,4658,202112
PA,4636,202112
IL,4466,202112
HU,4096,202112
VN,4067,202112
EG,3906,202112
MA,3000,202112
CY,2955,202112
HR,2760,202112
DZ,2627,202112
BD,2614,202112
EC,2554,202112
LU,2488,202112
BS,2465,202112
PK,2465,202112
BH,2348,202112
LV,2287,202112
BG,2275,202112
IS,2237,202112
BA,2182,202112
PF,1911,202112
RS,1832,202112
LT,1824,202112
GT,1787,202112
MT,1786,202112
DO,1692,202112
LB,1440,202112
SN,1396,202112
EE,1270,202112
BB,1193,202112
AW,1172,202112
GE,1048,202112
BY,925,202112
VI,894,202112
LK,862,202112
JE,729,202112
PS,710,202112
BM,705,202112
CO,601,202112
SI,589,202112
GD,445,202112
MK,436,202112
GG,425,202112
IM,387,202112
CW,383,202112
KG,379,202112
XK,376,202112
VE,375,202112
KP,361,202112
CL,343,202112
VC,332,202112
MD,314,202112
UY,291,202112
SK,276,202112
SY,235,202112
JO,232,202112
GY,224,202112
AL,215,202112
TT,205,202112
GM,188,202112
KE,186,202112
SV,174,202112
LY,171,202112
PY,160,202112
GI,134,202112
LC,98,202112
GW,89,202112
OM,86,202112
ME,73,202112
CV,68,202112
VG,64,202112
LA,55,202112
MR,42,202112
CU,42,202112
DM,32,202112
AX,29,202112
MQ,25,202112
TN,20,202112
AZ,17,202112
BO,12,202112
BQ,10,202112
GN,9,202112
BN,8,202112
FO,6,202112
MV,4,202112
NI,4,202112
TZ,2,202112
KW,1,202112
GL,1,202112
NP,1,202112
GP,1,202112
MN,1,202112
US,1520743,202205
GB,114763,202205
DE,108887,202205
AU,91746,202205
CA,87991,202205
FR,80178,202205
ES,77709,202205
IT,73610,202205
IN,70287,202205
JP,59854,202205
TR,55523,202205
BR,44277,202205
RU,40000,202205
MX,28647,202205
NO,27392,202205
KR,25535,202205
AE,25418,202205
NL,25230,202205
NZ,25018,202205
CH,23163,202205
GR,22853,202205
PL,21682,202205
PT,20969,202205
PH,20214,202205
BE,17783,202205
DK,17680,202205
SE,16965,202205
MY,16851,202205
VN,14381,202205
AT,14275,202205
IE,13597,202205
TH,12461,202205
SA,11280,202205
ZA,9903,202205
QA,9824,202205
AR,9686,202205
TW,9420,202205
ID,9335,202205
MA,9165,202205
RO,8567,202205
FI,8050,202205
CZ,7943,202205
IL,6754,202205
PE,6686,202205
PR,6289,202205
CN,6124,202205
CY,5491,202205
HU,5469,202205
DO,4822,202205
CO,4480,202205
HR,3787,202205
KZ,3709,202205
AL,3654,202205
HK,3602,202205
DZ,3573,202205
BS,3495,202205
LU,3490,202205
PA,3438,202205
BH,3189,202205
SG,3171,202205
RS,2924,202205
BG,2898,202205
LT,2663,202205
LV,2640,202205
OM,2487,202205
BD,2401,202205
PK,2330,202205
MT,2320,202205
BA,2256,202205
PF,1881,202205
IR,1841,202205
EE,1758,202205
EC,1625,202205
EG,1533,202205
LB,1521,202205
IS,1378,202205
PS,1193,202205
GT,1162,202205
GE,1159,202205
XK,1131,202205
JE,1089,202205
AW,1061,202205
JO,980,202205
SI,960,202205
LK,954,202205
BY,834,202205
BB,780,202205
BM,775,202205
MK,701,202205
GG,687,202205
KP,566,202205
IM,559,202205
SK,558,202205
VI,485,202205
GI,425,202205
GY,370,202205
GD,355,202205
VE,347,202205
CW,328,202205
LC,277,202205
SV,271,202205
TT,249,202205
VC,242,202205
LY,215,202205
SY,207,202205
MD,154,202205
CU,148,202205
ME,126,202205
UY,125,202205
DM,107,202205
LA,69,202205
MQ,60,202205
BN,60,202205
FO,56,202205
AX,49,202205
AZ,49,202205
HT,32,202205
SZ,25,202205
LS,23,202205
GP,18,202205
VG,8,202205
BO,7,202205
KE,7,202205
PM,7,202205
MN,6,202205
BQ,6,202205
NP,4,202205
TC,3,202205
TN,3,202205
CM,1,202205
HN,1,202205
US,903872,202006
CN,68057,202006
AU,45289,202006
DE,38193,202006
CA,30471,202006
RU,27624,202006
GB,22284,202006
IN,22257,202006
JP,21181,202006
FR,21033,202006
IT,15481,202006
TR,14890,202006
VN,13943,202006
KR,12071,202006
BR,11933,202006
NZ,11929,202006
NO,9893,202006
ES,8436,202006
CH,8250,202006
NL,8160,202006
TW,8061,202006
AE,7554,202006
SA,6241,202006
DK,5934,202006
MX,5836,202006
HK,5818,202006
PL,4947,202006
BE,4821,202006
SE,4806,202006
GR,4372,202006
AT,4336,202006
MY,4130,202006
QA,4110,202006
ID,4013,202006
PH,3402,202006
PT,2842,202006
SG,2831,202006
FI,2670,202006
KZ,2669,202006
TH,2374,202006
CZ,2347,202006
IE,2125,202006
IR,1882,202006
PR,1820,202006
RO,1800,202006
HR,1690,202006
CO,1400,202006
HU,1297,202006
LU,1111,202006
IL,1100,202006
BH,1023,202006
BG,990,202006
ZA,965,202006
LT,959,202006
RS,958,202006
LV,945,202006
UA,895,202006
AR,869,202006
BD,853,202006
DZ,800,202006
IS,791,202006
CY,703,202006
PE,686,202006
BS,653,202006
BY,642,202006
MA,634,202006
EE,610,202006
SI,564,202006
BA,425,202006
MT,356,202006
OM,352,202006
SN,332,202006
EG,331,202006
CR,287,202006
SK,244,202006
CU,241,202006
GE,224,202006
UZ,205,202006
EC,204,202006
JE,200,202006
LB,195,202006
BO,195,202006
GG,146,202006
TN,141,202006
AX,120,202006
GT,112,202006
BM,111,202006
KP,111,202006
BB,109,202006
AL,104,202006
TC,101,202006
IM,97,202006
LY,86,202006
AM,70,202006
ME,61,202006
MK,60,202006
PF,57,202006
GI,56,202006
VE,55,202006
NI,51,202006
XK,43,202006
VI,42,202006
PS,41,202006
KG,40,202006
GY,40,202006
KH,35,202006
MD,32,202006
TT,31,202006
PK,31,202006
DO,30,202006
SY,27,202006
AZ,26,202006
UY,20,202006
LA,17,202006
KE,17,202006
JO,17,202006
MR,15,202006
GM,15,202006
GW,15,202006
LK,14,202006
FO,13,202006
GN,12,202006
CV,7,202006
PY,6,202006
VC,5,202006
NP,5,202006
BN,3,202006
GD,3,202006
BW,2,202006
CL,1,202006
TJ,1,202006
LC,1,202006
US,1584989,202207
GB,123994,202207
DE,110198,202207
CA,103622,202207
AU,89688,202207
ES,87683,202207
FR,87503,202207
IT,87448,202207
IN,70645,202207
TR,67280,202207
JP,65053,202207
RU,57729,202207
BR,50068,202207
GR,32797,202207
AE,27482,202207
CH,25512,202207
NL,24995,202207
PL,24166,202207
KR,24022,202207
NO,22995,202207
PT,22428,202207
MX,22331,202207
NZ,22234,202207
TH,20827,202207
PH,20666,202207
BE,19089,202207
MY,18652,202207
DK,17770,202207
VN,17084,202207
AT,16262,202207
SE,15483,202207
IE,14168,202207
CO,13652,202207
SA,12704,202207
CN,11301,202207
ID,10560,202207
MA,9981,202207
TW,9782,202207
AR,9717,202207
CZ,9597,202207
QA,9563,202207
RO,9557,202207
PE,8303,202207
ZA,8192,202207
IL,7754,202207
FI,7535,202207
HR,6191,202207
CY,6124,202207
HU,6065,202207
AL,5922,202207
PR,5905,202207
DO,5564,202207
BD,5555,202207
DZ,5232,202207
HK,4704,202207
BS,4681,202207
BG,4470,202207
RS,4081,202207
KZ,3882,202207
PA,3492,202207
LU,3443,202207
BA,3405,202207
BH,3032,202207
OM,2965,202207
LT,2700,202207
LV,2678,202207
SG,2218,202207
IR,2173,202207
EG,2116,202207
PK,2105,202207
GT,2093,202207
PF,2088,202207
LB,2033,202207
EC,1757,202207
EE,1718,202207
XK,1468,202207
SI,1419,202207
GE,1372,202207
JE,1281,202207
PS,1270,202207
AW,1149,202207
BY,1067,202207
SV,1005,202207
MK,996,202207
MT,955,202207
JO,920,202207
LK,917,202207
GG,903,202207
SN,855,202207
BB,822,202207
BM,815,202207
KP,758,202207
IM,556,202207
SK,520,202207
MD,454,202207
LC,405,202207
VE,379,202207
SY,366,202207
GY,365,202207
CU,357,202207
CW,345,202207
GD,340,202207
HN,339,202207
GI,339,202207
VI,337,202207
TT,316,202207
AZ,250,202207
TC,244,202207
NI,241,202207
VC,241,202207
MM,227,202207
DM,217,202207
HT,202,202207
ME,171,202207
IS,157,202207
GM,115,202207
FO,107,202207
UY,98,202207
LA,81,202207
GW,72,202207
BN,60,202207
MQ,59,202207
LY,54,202207
AX,52,202207
KH,38,202207
GN,35,202207
NP,29,202207
BT,27,202207
TN,26,202207
BO,26,202207
GP,23,202207
MR,23,202207
SZ,22,202207
VG,15,202207
LS,13,202207
MV,9,202207
KW,7,202207
MN,6,202207
CV,5,202207
YE,3,202207
BQ,3,202207
UA,1,202207
US,1511284,202108
DE,84327,202108
GB,79685,202108
ES,72136,202108
RU,71984,202108
IT,70716,202108
CA,70051,202108
FR,65069,202108
TR,63011,202108
IN,49371,202108
JP,48268,202108
AU,47266,202108
BR,45174,202108
CN,37778,202108
GR,27027,202108
KR,20901,202108
NL,20763,202108
NO,20634,202108
CH,20231,202108
MX,19492,202108
PL,19113,202108
PT,17965,202108
AE,17154,202108
BE,15556,202108
NZ,14925,202108
DK,13574,202108
AT,12750,202108
SE,11078,202108
UA,10178,202108
SA,9042,202108
QA,8838,202108
RO,8795,202108
MA,8046,202108
IE,7958,202108
HR,7752,202108
PE,7096,202108
CZ,7090,202108
TW,6953,202108
HK,6614,202108
BS,6262,202108
KZ,5511,202108
EG,4996,202108
PA,4910,202108
SG,4907,202108
FI,4683,202108
BG,4613,202108
IL,4421,202108
HU,4247,202108
ID,4230,202108
MY,4200,202108
PR,4119,202108
ZA,4072,202108
RS,3971,202108
CY,3788,202108
PH,3539,202108
BA,3448,202108
KE,3336,202108
TH,3288,202108
CO,2898,202108
DZ,2669,202108
LV,2631,202108
BD,2616,202108
MT,2457,202108
LU,2413,202108
AL,2301,202108
LT,2262,202108
BH,2181,202108
PK,1862,202108
EC,1818,202108
IS,1658,202108
VN,1606,202108
IR,1507,202108
LB,1478,202108
BY,1388,202108
EE,1295,202108
GT,1252,202108
OM,1252,202108
SN,1213,202108
XK,1127,202108
MK,1125,202108
AW,1081,202108
SI,995,202108
PF,898,202108
JE,871,202108
ML,632,202108
MD,607,202108
BB,564,202108
GE,563,202108
CL,525,202108
BM,523,202108
SK,478,202108
AR,458,202108
PS,448,202108
ME,384,202108
TN,372,202108
GG,371,202108
GI,351,202108
LY,346,202108
CW,340,202108
SY,319,202108
CU,312,202108
LK,305,202108
VE,263,202108
TT,252,202108
KG,243,202108
KW,241,202108
GD,221,202108
IM,200,202108
TZ,162,202108
LC,147,202108
VC,146,202108
KP,136,202108
IQ,126,202108
JO,111,202108
UY,107,202108
PY,106,202108
FO,86,202108
VI,80,202108
GW,74,202108
GM,73,202108
SV,69,202108
AZ,66,202108
GY,63,202108
DO,62,202108
AX,56,202108
MR,45,202108
LA,41,202108
DM,40,202108
MQ,36,202108
VG,20,202108
GN,20,202108
GP,14,202108
KH,12,202108
BO,12,202108
BW,12,202108
MN,11,202108
BQ,10,202108
CV,8,202108
NP,3,202108
BN,1,202108
PM,1,202108
YE,1,202108
US,1605729,202210
GB,110226,202210
DE,105256,202210
AU,92100,202210
CA,92094,202210
ES,81006,202210
FR,77842,202210
IN,74687,202210
IT,71768,202210
JP,65071,202210
TR,57201,202210
RU,49583,202210
BR,46740,202210
MX,39280,202210
AE,28873,202210
NZ,28268,202210
NO,26737,202210
KR,26303,202210
TH,24601,202210
NL,24495,202210
CH,23128,202210
GR,22047,202210
PL,21469,202210
PT,21015,202210
MY,19482,202210
PH,18561,202210
BE,17262,202210
DK,16917,202210
CO,16483,202210
SE,15613,202210
AT,14302,202210
IE,12900,202210
SA,12499,202210
VN,12309,202210
QA,11275,202210
AR,11261,202210
TW,9391,202210
ZA,9379,202210
MA,9315,202210
CN,8402,202210
RO,8360,202210
ID,8052,202210
FI,7774,202210
CZ,7751,202210
PE,7393,202210
CY,6709,202210
IL,6570,202210
BD,5729,202210
HU,5304,202210
DZ,4802,202210
PR,4556,202210
HK,4050,202210
KZ,4009,202210
HR,3691,202210
IS,3401,202210
RS,3316,202210
LU,3254,202210
BH,3209,202210
BG,2928,202210
AL,2798,202210
BS,2724,202210
OM,2610,202210
LT,2595,202210
PK,2550,202210
LV,2463,202210
MT,2301,202210
BA,2187,202210
GT,2157,202210
SG,1993,202210
IR,1867,202210
PA,1827,202210
EE,1744,202210
MK,1738,202210
LB,1489,202210
GE,1276,202210
JE,1272,202210
SI,1055,202210
EG,1035,202210
AW,1001,202210
BY,997,202210
SV,994,202210
EC,943,202210
PF,915,202210
BB,869,202210
DO,868,202210
LK,844,202210
KP,747,202210
BM,644,202210
XK,643,202210
GG,597,202210
IM,531,202210
SK,525,202210
SN,471,202210
MD,414,202210
MM,404,202210
GY,397,202210
GI,298,202210
HN,295,202210
LY,287,202210
CW,279,202210
VE,272,202210
ME,231,202210
NI,217,202210
TT,213,202210
VC,193,202210
JO,176,202210
UY,158,202210
GD,152,202210
PS,138,202210
SY,127,202210
LC,123,202210
LA,106,202210
VI,106,202210
NP,96,202210
CU,72,202210
BN,58,202210
LS,55,202210
GM,53,202210
MQ,44,202210
GW,41,202210
AZ,35,202210
AX,30,202210
GN,22,202210
BT,22,202210
BO,22,202210
DM,21,202210
MN,18,202210
BQ,17,202210
MR,14,202210
SZ,11,202210
TN,10,202210
CV,9,202210
FO,8,202210
KW,7,202210
MV,1,202210
YE,1,202210
GL,1,202210
CM,1,202210
US,1569849,202107
DE,81713,202107
GB,69629,202107
RU,69461,202107
ES,68659,202107
CN,66060,202107
FR,64688,202107
IT,64580,202107
CA,61342,202107
TR,60372,202107
AU,54032,202107
BR,45243,202107
JP,42850,202107
IN,42679,202107
NZ,25337,202107
GR,23006,202107
KR,22682,202107
NO,19499,202107
NL,19327,202107
MX,19320,202107
CH,18752,202107
PL,18353,202107
PT,15745,202107
BE,14855,202107
AE,13902,202107
DK,12517,202107
AT,11817,202107
SE,10720,202107
UA,9305,202107
SA,9101,202107
BS,8937,202107
QA,8151,202107
RO,8045,202107
MA,7352,202107
HK,7058,202107
CZ,6981,202107
PE,6769,202107
IE,6200,202107
EG,6196,202107
PR,6015,202107
HR,5950,202107
TW,5513,202107
KZ,5501,202107
CO,5425,202107
IL,5258,202107
SG,5018,202107
PH,4576,202107
ID,4468,202107
BG,4133,202107
HU,4046,202107
MY,4023,202107
FI,4021,202107
CY,3954,202107
KE,3808,202107
RS,3760,202107
ZA,3744,202107
PA,3491,202107
IR,3322,202107
BA,3222,202107
VN,3010,202107
LT,2772,202107
DZ,2525,202107
IS,2466,202107
AL,2445,202107
LV,2395,202107
LU,2320,202107
KW,2240,202107
MT,2188,202107
BD,2110,202107
BH,1959,202107
TH,1883,202107
UZ,1725,202107
LB,1475,202107
PF,1382,202107
PK,1367,202107
TN,1353,202107
BY,1290,202107
SN,1264,202107
GT,1259,202107
EE,1178,202107
IQ,1176,202107
MK,1113,202107
CL,1072,202107
SI,1054,202107
EC,1001,202107
AW,997,202107
XK,976,202107
JE,863,202107
VI,662,202107
MD,639,202107
PS,613,202107
SK,596,202107
BB,524,202107
CU,502,202107
AR,479,202107
OM,468,202107
BM,433,202107
GG,379,202107
GE,374,202107
LC,370,202107
SY,338,202107
GI,296,202107
CW,282,202107
KG,268,202107
ME,261,202107
LY,260,202107
LK,245,202107
GD,204,202107
TT,200,202107
VC,200,202107
VE,197,202107
JO,187,202107
DM,185,202107
IM,181,202107
TZ,179,202107
NI,154,202107
KP,144,202107
GY,124,202107
UY,123,202107
PY,101,202107
TJ,89,202107
MR,83,202107
GW,83,202107
GM,70,202107
SV,69,202107
VG,68,202107
AX,52,202107
LA,41,202107
GP,37,202107
FO,28,202107
DO,24,202107
BW,21,202107
KH,21,202107
ML,19,202107
GN,16,202107
MQ,15,202107
MN,14,202107
CV,9,202107
AZ,8,202107
BN,7,202107
BQ,6,202107
CR,3,202107
CM,1,202107
US,719126,202005
CN,54543,202005
AU,39856,202005
DE,30362,202005
CA,21924,202005
GB,17465,202005
RU,14247,202005
JP,14041,202005
FR,11469,202005
KR,11280,202005
BR,8618,202005
IT,8049,202005
NO,7809,202005
TW,7200,202005
VN,6866,202005
IN,6719,202005
NZ,6625,202005
HK,6409,202005
NL,6117,202005
AE,5574,202005
CH,5539,202005
ES,4505,202005
DK,4055,202005
BE,3640,202005
QA,3638,202005
MX,3560,202005
TR,3512,202005
PL,3480,202005
SE,3436,202005
MY,3259,202005
AT,2849,202005
SA,2711,202005
KZ,2523,202005
GR,2220,202005
TH,2139,202005
ID,2038,202005
FI,2024,202005
SG,2017,202005
CZ,1917,202005
PH,1906,202005
IE,1785,202005
PT,1526,202005
CO,1306,202005
IR,1039,202005
IL,1013,202005
BH,834,202005
RO,819,202005
HU,813,202005
LU,759,202005
AR,739,202005
PE,738,202005
IS,662,202005
DZ,614,202005
HR,593,202005
UA,590,202005
LT,589,202005
ZA,525,202005
BG,468,202005
BS,450,202005
RS,438,202005
BY,415,202005
CY,407,202005
EE,406,202005
LV,394,202005
BD,368,202005
SI,364,202005
MT,316,202005
MA,293,202005
CR,273,202005
SK,254,202005
OM,244,202005
GE,240,202005
SN,221,202005
BO,174,202005
UZ,163,202005
CU,148,202005
BA,144,202005
LB,123,202005
GG,122,202005
KP,121,202005
JE,117,202005
BM,117,202005
EG,104,202005
BB,93,202005
AX,91,202005
AM,89,202005
LY,85,202005
TN,81,202005
PF,71,202005
GT,55,202005
AL,47,202005
GI,39,202005
VE,38,202005
GY,33,202005
LA,31,202005
NI,29,202005
IM,27,202005
AZ,26,202005
UY,25,202005
TT,23,202005
SY,23,202005
ME,23,202005
KG,20,202005
PR,20,202005
CV,19,202005
PS,15,202005
MK,13,202005
GN,12,202005
KE,11,202005
MD,10,202005
GW,9,202005
XK,9,202005
KH,8,202005
MR,7,202005
GM,6,202005
TJ,5,202005
NP,5,202005
VC,5,202005
PY,5,202005
BN,4,202005
PK,4,202005
LK,4,202005
CL,3,202005
JO,3,202005
EC,2,202005
LC,2,202005
MV,1,202005
MM,1,202005
BW,1,202005
FO,1,202005
US,1306793,202104
CN,88516,202104
AU,79846,202104
IN,52664,202104
DE,47592,202104
RU,45233,202104
JP,43203,202104
GB,41989,202104
CA,35281,202104
TR,29852,202104
FR,28079,202104
BR,25176,202104
NZ,24414,202104
IT,23621,202104
KR,23341,202104
ES,22835,202104
VN,18697,202104
MX,18384,202104
AE,14949,202104
NO,13883,202104
TH,13311,202104
NL,11388,202104
TW,11229,202104
CH,10297,202104
CO,7973,202104
QA,7808,202104
BS,7499,202104
SA,7336,202104
BE,7036,202104
PL,7002,202104
MY,6904,202104
ID,6578,202104
DK,6283,202104
HK,6276,202104
SE,6098,202104
ZA,6004,202104
PT,5950,202104
PR,5827,202104
AT,5069,202104
SG,4845,202104
PE,4815,202104
KZ,4799,202104
UA,4742,202104
GR,4455,202104
CZ,3872,202104
RO,3644,202104
PA,3344,202104
PH,3201,202104
IE,3009,202104
BD,2655,202104
FI,2593,202104
EG,2532,202104
IL,2469,202104
PK,2398,202104
CU,2309,202104
IR,2062,202104
DZ,1618,202104
MA,1581,202104
CY,1544,202104
RS,1528,202104
BH,1525,202104
HR,1477,202104
LU,1446,202104
KW,1387,202104
HU,1343,202104
UZ,1340,202104
BY,1265,202104
GT,1199,202104
LT,1162,202104
BG,1114,202104
AR,1042,202104
LV,986,202104
LB,970,202104
EC,916,202104
SN,899,202104
VI,861,202104
BA,824,202104
CL,820,202104
NP,659,202104
EE,642,202104
PF,635,202104
MT,630,202104
IQ,594,202104
KE,538,202104
ML,509,202104
TN,488,202104
PS,473,202104
SK,417,202104
IS,415,202104
OM,402,202104
SI,399,202104
LK,393,202104
BM,356,202104
JE,285,202104
NI,273,202104
BB,257,202104
SY,253,202104
MK,224,202104
KG,220,202104
VE,216,202104
LY,201,202104
MM,195,202104
KH,189,202104
TT,174,202104
MD,169,202104
AL,166,202104
JO,162,202104
LC,156,202104
GD,155,202104
GG,154,202104
UY,129,202104
VG,124,202104
ME,119,202104
XK,99,202104
GY,99,202104
AW,99,202104
GM,78,202104
GI,77,202104
VC,71,202104
GW,66,202104
IM,60,202104
CV,59,202104
MR,53,202104
SV,48,202104
AX,45,202104
TJ,42,202104
GN,38,202104
TZ,34,202104
LA,34,202104
DM,26,202104
MQ,25,202104
CW,20,202104
FO,18,202104
KP,8,202104
GP,7,202104
BW,7,202104
AZ,6,202104
CR,3,202104
DO,3,202104
BN,1,202104
CM,1,202104
GE,1,202104
PY,1,202104
US,1547667,202209
GB,114011,202209
DE,102098,202209
CA,96712,202209
AU,88849,202209
ES,81497,202209
IT,79088,202209
FR,78112,202209
IN,69478,202209
TR,61066,202209
JP,60407,202209
RU,55741,202209
BR,44551,202209
MX,27731,202209
AE,27591,202209
NO,27361,202209
GR,27197,202209
NZ,25719,202209
NL,25104,202209
PL,23002,202209
KR,22639,202209
CH,22550,202209
PT,21276,202209
TH,21202,202209
MY,19594,202209
PH,18325,202209
DK,17730,202209
BE,17630,202209
SE,16843,202209
AT,15355,202209
IE,13358,202209
SA,12532,202209
VN,12288,202209
QA,10421,202209
AR,10390,202209
TW,9226,202209
CN,9027,202209
RO,8923,202209
CZ,8752,202209
ZA,8653,202209
MA,8423,202209
FI,7911,202209
IL,7331,202209
ID,7330,202209
CY,5749,202209
HU,5514,202209
BD,5469,202209
HR,5164,202209
DZ,4555,202209
PE,4415,202209
HK,4397,202209
KZ,4379,202209
PA,4347,202209
AL,3823,202209
BG,3810,202209
RS,3687,202209
LU,3439,202209
IS,3278,202209
PR,3274,202209
BH,3130,202209
OM,3062,202209
DO,3043,202209
BS,2965,202209
LT,2673,202209
BA,2652,202209
MT,2529,202209
LV,2411,202209
MK,2237,202209
PK,2177,202209
GT,2031,202209
LB,1910,202209
IR,1869,202209
SG,1868,202209
EE,1750,202209
EG,1564,202209
SN,1423,202209
JE,1266,202209
GE,1189,202209
EC,1140,202209
BY,1139,202209
SI,1090,202209
PS,1060,202209
AW,940,202209
XK,881,202209
LK,835,202209
BB,729,202209
GG,703,202209
KP,652,202209
PF,616,202209
IM,554,202209
JO,550,202209
SK,546,202209
BM,518,202209
MD,430,202209
SV,408,202209
GY,364,202209
GI,341,202209
LY,324,202209
MM,300,202209
VE,296,202209
CW,290,202209
HT,259,202209
SY,253,202209
CU,226,202209
CO,225,202209
ME,194,202209
TT,166,202209
AZ,163,202209
GD,157,202209
GM,151,202209
UY,150,202209
VC,148,202209
TC,126,202209
LC,119,202209
GW,111,202209
LS,95,202209
LA,84,202209
MQ,84,202209
VI,83,202209
BN,61,202209
GN,59,202209
NP,47,202209
AX,44,202209
MR,43,202209
DM,36,202209
HN,31,202209
NI,26,202209
BT,25,202209
FO,22,202209
BO,19,202209
TN,19,202209
CV,19,202209
SZ,15,202209
KW,14,202209
MN,9,202209
BQ,8,202209
GP,4,202209
VG,4,202209
PM,1,202209
CM,1,202209
US,1239570,202103
CN,90964,202103
AU,72051,202103
IN,62786,202103
DE,39659,202103
RU,39594,202103
JP,35963,202103
CA,33866,202103
BR,29810,202103
TR,29122,202103
FR,27296,202103
GB,27089,202103
NZ,21488,202103
IT,19464,202103
KR,18654,202103
ES,17783,202103
AE,15733,202103
NO,13679,202103
VN,11840,202103
MX,10846,202103
TH,10831,202103
TW,9563,202103
NL,9300,202103
CH,9111,202103
QA,7869,202103
CO,7726,202103
BS,6993,202103
SA,6813,202103
MY,6247,202103
HK,6238,202103
BE,6201,202103
PL,6019,202103
PR,5916,202103
PH,5645,202103
ID,5503,202103
SE,5378,202103
SG,5079,202103
DK,4859,202103
AT,4604,202103
ZA,4601,202103
PE,4533,202103
KZ,4443,202103
UA,3745,202103
PK,3607,202103
BD,3534,202103
GR,3336,202103
PT,3247,202103
CZ,3224,202103
PA,3199,202103
KE,3053,202103
FI,2748,202103
RO,2656,202103
MA,2554,202103
IE,2518,202103
CU,2441,202103
IL,1922,202103
EG,1728,202103
DZ,1669,202103
IR,1510,202103
BH,1477,202103
AR,1447,202103
GT,1404,202103
HU,1264,202103
CY,1251,202103
LU,1184,202103
CL,1169,202103
HR,1135,202103
RS,1123,202103
EC,1044,202103
BY,1009,202103
LT,975,202103
UZ,960,202103
VI,938,202103
LB,889,202103
BG,856,202103
SN,781,202103
OM,718,202103
BA,711,202103
NI,687,202103
LV,670,202103
ML,583,202103
NP,573,202103
EE,554,202103
SI,544,202103
MT,540,202103
PF,464,202103
BB,410,202103
KP,397,202103
LK,378,202103
PS,351,202103
SK,348,202103
TN,326,202103
BM,325,202103
JE,286,202103
KW,244,202103
VE,218,202103
LC,214,202103
SY,213,202103
LY,204,202103
GD,202,202103
KG,196,202103
VC,188,202103
AL,181,202103
MK,178,202103
TT,173,202103
JO,148,202103
VG,143,202103
GG,142,202103
TZ,137,202103
UY,120,202103
GY,113,202103
MD,111,202103
GI,109,202103
ME,109,202103
MM,105,202103
IQ,88,202103
GM,87,202103
GW,64,202103
IM,56,202103
XK,52,202103
CV,45,202103
AX,44,202103
MR,44,202103
MQ,43,202103
GN,40,202103
DM,35,202103
TJ,27,202103
CR,22,202103
FO,18,202103
LA,17,202103
KH,14,202103
HN,10,202103
BW,9,202103
MV,8,202103
AF,5,202103
GP,4,202103
DO,3,202103
SV,2,202103
CM,2,202103
BN,1,202103
US,1576674,202206
GB,118432,202206
DE,109209,202206
CA,94870,202206
AU,91141,202206
FR,80817,202206
ES,80472,202206
IT,79819,202206
IN,70654,202206
TR,61592,202206
JP,60360,202206
RU,49208,202206
BR,42188,202206
GR,28226,202206
NO,26882,202206
MX,25628,202206
AE,25204,202206
NL,25086,202206
PL,23705,202206
CH,23061,202206
KR,22866,202206
NZ,22809,202206
TH,21420,202206
PT,21002,202206
PH,19924,202206
CO,19805,202206
DK,18292,202206
BE,17369,202206
SE,17314,202206
MY,17059,202206
VN,16511,202206
AT,15374,202206
IE,13623,202206
SA,11543,202206
QA,10828,202206
ID,10438,202206
CZ,9446,202206
MA,9425,202206
CN,9368,202206
AR,9315,202206
TW,9205,202206
RO,9174,202206
ZA,8020,202206
FI,7960,202206
IL,6981,202206
PR,5975,202206
HU,5779,202206
PE,5663,202206
HR,5579,202206
CY,5434,202206
HK,5051,202206
DO,4971,202206
KZ,4404,202206
DZ,4294,202206
BS,4177,202206
AL,3965,202206
RS,3865,202206
BD,3788,202206
LU,3459,202206
BG,3413,202206
BH,3070,202206
OM,2991,202206
BA,2961,202206
LT,2763,202206
LV,2731,202206
SG,2707,202206
MT,2316,202206
PK,2224,202206
IR,1924,202206
PF,1861,202206
EG,1815,202206
EE,1749,202206
LB,1607,202206
GT,1458,202206
PA,1433,202206
SI,1150,202206
AW,1149,202206
PS,1130,202206
GE,1119,202206
JE,1092,202206
XK,1058,202206
SV,1022,202206
JO,974,202206
BY,963,202206
MK,931,202206
EC,853,202206
GG,807,202206
KP,762,202206
BM,714,202206
LK,702,202206
BB,678,202206
IM,660,202206
SK,620,202206
VI,528,202206
GI,525,202206
CW,354,202206
ME,328,202206
SY,323,202206
GY,319,202206
VE,313,202206
GD,281,202206
MD,267,202206
CU,250,202206
LC,246,202206
MM,206,202206
TT,195,202206
TC,188,202206
VC,180,202206
HN,178,202206
IS,157,202206
LY,156,202206
AZ,152,202206
FO,131,202206
UY,117,202206
HT,110,202206
NI,92,202206
DM,68,202206
LA,63,202206
KH,60,202206
MQ,56,202206
BN,51,202206
AX,31,202206
TN,26,202206
SZ,22,202206
VG,17,202206
BO,16,202206
NP,13,202206
LS,12,202206
BQ,10,202206
GP,9,202206
BT,8,202206
MN,4,202206
CM,1,202206
KW,1,202206
US,1074463,201906
DE,100584,201906
GB,96811,201906
CN,90142,201906
AU,86095,201906
ES,74595,201906
IT,74338,201906
IN,73899,201906
FR,71151,201906
RU,64086,201906
TR,63924,201906
JP,55650,201906
CA,54471,201906
BR,44441,201906
TH,38196,201906
MY,36223,201906
KR,27450,201906
AE,25590,201906
GR,25167,201906
SA,23352,201906
HK,21655,201906
NL,20762,201906
NO,20413,201906
CH,20403,201906
TW,20321,201906
SE,18118,201906
NZ,17914,201906
PH,17479,201906
PT,17156,201906
BE,16194,201906
PL,16048,201906
DK,15867,201906
MX,15795,201906
AT,14588,201906
ID,13516,201906
IE,13432,201906
QA,10374,201906
ZA,9452,201906
FI,8400,201906
CZ,7942,201906
RO,7529,201906
IL,7430,201906
AR,6924,201906
MA,6638,201906
SG,6252,201906
HU,5842,201906
UA,5671,201906
PE,5291,201906
RS,5016,201906
HR,4967,201906
KZ,4488,201906
BG,4262,201906
BH,3726,201906
IS,3617,201906
LV,3446,201906
CY,2979,201906
IR,2750,201906
BA,2724,201906
LU,2720,201906
MT,2639,201906
TN,2505,201906
BO,2463,201906
BY,2287,201906
AL,2143,201906
VN,2042,201906
BM,1903,201906
LT,1812,201906
DZ,1793,201906
EG,1784,201906
UZ,1784,201906
PK,1763,201906
NP,1523,201906
LB,1480,201906
OM,1477,201906
PF,1415,201906
EE,1403,201906
LA,1302,201906
SI,1061,201906
BB,1056,201906
SN,1036,201906
JE,961,201906
EC,814,201906
GT,768,201906
UY,759,201906
LK,740,201906
BS,716,201906
MK,708,201906
KH,677,201906
BW,670,201906
MD,543,201906
SK,521,201906
GD,423,201906
GG,419,201906
TT,418,201906
MM,394,201906
KP,370,201906
BD,331,201906
GI,330,201906
PS,311,201906
XK,304,201906
IM,299,201906
VC,266,201906
GY,265,201906
KG,250,201906
CO,232,201906
LC,231,201906
ME,222,201906
SZ,206,201906
AZ,192,201906
LS,173,201906
VE,170,201906
CV,132,201906
MR,121,201906
GM,117,201906
AX,115,201906
GN,104,201906
GW,103,201906
SY,100,201906
ZW,98,201906
LY,94,201906
JO,82,201906
BN,76,201906
DM,60,201906
PY,49,201906
TJ,41,201906
PM,41,201906
MQ,25,201906
CR,22,201906
GE,18,201906
KW,13,201906
FO,8,201906
GP,3,201906
CL,2,201906
SV,1,201906
US,1277068,201908
CN,109733,201908
DE,104160,201908
GB,102037,201908
AU,89296,201908
IT,78003,201908
ES,77516,201908
IN,76628,201908
TR,73144,201908
FR,71753,201908
RU,70310,201908
JP,63852,201908
CA,61362,201908
BR,50466,201908
TH,41507,201908
MY,37452,201908
KR,30374,201908
GR,29860,201908
AE,28218,201908
SA,24762,201908
HK,22023,201908
NL,21319,201908
NO,21125,201908
TW,20724,201908
CH,20703,201908
PH,20031,201908
NZ,19822,201908
PT,19507,201908
SE,18076,201908
PL,17632,201908
DK,16841,201908
BE,16410,201908
AT,14694,201908
IE,14101,201908
ID,13235,201908
VN,12894,201908
AR,10916,201908
ZA,10748,201908
QA,10716,201908
FI,9910,201908
CZ,8419,201908
IL,8292,201908
MA,7661,201908
RS,7556,201908
RO,7361,201908
PE,7138,201908
HU,6272,201908
UA,5814,201908
HR,5786,201908
MX,5692,201908
SG,5648,201908
KZ,5249,201908
DZ,4558,201908
BH,4157,201908
LV,4136,201908
IS,3822,201908
PK,3624,201908
CY,3391,201908
BA,3289,201908
TN,2768,201908
LU,2701,201908
BY,2665,201908
MT,2574,201908
OM,2469,201908
BG,2468,201908
IR,2422,201908
LT,2315,201908
BO,2026,201908
UZ,1977,201908
BM,1873,201908
EG,1784,201908
PF,1755,201908
AL,1748,201908
LB,1628,201908
EE,1560,201908
BS,1444,201908
LA,1348,201908
NP,1218,201908
BB,1206,201908
SN,1204,201908
SI,1027,201908
JE,958,201908
EC,740,201908
GD,629,201908
TT,549,201908
KH,517,201908
GT,447,201908
SK,445,201908
ME,402,201908
VC,364,201908
GY,330,201908
GI,328,201908
GG,313,201908
XK,309,201908
UY,305,201908
PS,301,201908
LC,300,201908
KP,272,201908
BD,268,201908
MM,233,201908
BW,228,201908
KG,217,201908
MD,202,201908
AZ,178,201908
LK,176,201908
SY,137,201908
LS,137,201908
SZ,129,201908
MR,124,201908
VE,108,201908
IM,107,201908
CO,105,201908
AX,102,201908
GM,92,201908
LY,92,201908
GW,92,201908
JO,62,201908
PY,50,201908
TJ,47,201908
PM,41,201908
GN,40,201908
BN,37,201908
MQ,35,201908
CV,33,201908
KW,24,201908
CR,22,201908
DM,18,201908
FO,10,201908
GE,8,201908
GP,8,201908
IQ,2,201908
YE,1,201908
US,1469195,202204
GB,102157,202204
DE,90779,202204
AU,89143,202204
CA,73908,202204
ES,73161,202204
FR,67376,202204
IN,66802,202204
IT,64916,202204
JP,54562,202204
BR,46560,202204
TR,43786,202204
RU,32235,202204
MX,32181,202204
AE,24126,202204
NO,23753,202204
KR,23268,202204
NZ,22710,202204
NL,22504,202204
CH,20365,202204
PT,19416,202204
PH,18212,202204
PL,17304,202204
GR,16942,202204
BE,15975,202204
DK,15318,202204
SE,14535,202204
IE,12487,202204
MY,12460,202204
AT,11528,202204
TH,11524,202204
VN,11427,202204
SA,9997,202204
AR,9658,202204
TW,9477,202204
QA,9394,202204
CO,9268,202204
ZA,8874,202204
MA,8624,202204
CN,7939,202204
RO,7918,202204
FI,6744,202204
IL,6639,202204
PR,6621,202204
CZ,6479,202204
ID,6122,202204
DO,5593,202204
HU,4830,202204
CY,4395,202204
SG,3813,202204
HK,3447,202204
BS,3342,202204
PE,3156,202204
LU,3002,202204
DZ,2916,202204
HR,2843,202204
IS,2742,202204
KZ,2694,202204
RS,2657,202204
BH,2458,202204
PA,2399,202204
AL,2356,202204
LV,2296,202204
MT,2246,202204
LT,2226,202204
BG,2113,202204
PK,2052,202204
OM,2010,202204
BA,1646,202204
EG,1594,202204
IR,1584,202204
BD,1522,202204
PF,1488,202204
EE,1455,202204
GT,1446,202204
LB,1259,202204
XK,1178,202204
BB,1120,202204
AW,1091,202204
GE,1068,202204
EC,932,202204
PS,908,202204
LK,797,202204
JE,780,202204
JO,767,202204
VI,752,202204
BM,749,202204
SI,732,202204
BY,731,202204
GG,615,202204
MK,486,202204
IM,473,202204
SK,388,202204
CW,333,202204
GY,326,202204
GI,317,202204
SV,241,202204
VE,216,202204
SY,211,202204
KP,207,202204
VC,183,202204
LS,171,202204
ME,166,202204
LY,147,202204
TT,139,202204
UY,117,202204
MD,101,202204
CU,98,202204
LC,94,202204
GD,59,202204
KE,56,202204
MQ,52,202204
BN,49,202204
LA,45,202204
VG,43,202204
HT,34,202204
AX,32,202204
PM,19,202204
SZ,15,202204
KG,14,202204
DM,14,202204
BO,12,202204
AZ,9,202204
MV,6,202204
TC,4,202204
MN,4,202204
BQ,4,202204
YE,2,202204
NP,2,202204
FO,2,202204
HN,1,202204
US,1194667,201907
CN,103900,201907
GB,103427,201907
DE,103070,201907
AU,94024,201907
IT,81469,201907
ES,80383,201907
FR,75740,201907
IN,74778,201907
TR,70722,201907
RU,67776,201907
JP,63326,201907
CA,60119,201907
BR,52131,201907
TH,40297,201907
MY,37804,201907
GR,29913,201907
AE,28221,201907
KR,27616,201907
SA,25581,201907
HK,23405,201907
NL,21624,201907
CH,21501,201907
TW,21026,201907
NO,19908,201907
PT,19719,201907
NZ,19379,201907
PH,17599,201907
SE,17500,201907
PL,17040,201907
BE,16802,201907
DK,15523,201907
AT,14895,201907
IE,14357,201907
ID,13906,201907
QA,11154,201907
AR,11067,201907
ZA,10444,201907
VN,9913,201907
FI,8582,201907
MX,8570,201907
CZ,8290,201907
IL,8168,201907
RO,8020,201907
MA,7631,201907
RS,6944,201907
PE,6463,201907
HU,6355,201907
UA,6104,201907
HR,5960,201907
SG,5379,201907
KZ,5325,201907
BH,3994,201907
LV,3913,201907
IS,3865,201907
BA,3295,201907
CY,3244,201907
BG,3195,201907
IR,3138,201907
TN,3016,201907
BY,2760,201907
LU,2657,201907
BO,2336,201907
DZ,2031,201907
EG,2003,201907
OM,1956,201907
UZ,1860,201907
PF,1845,201907
LT,1817,201907
AL,1784,201907
BM,1755,201907
LB,1621,201907
NP,1452,201907
LA,1423,201907
EE,1389,201907
PK,1352,201907
SN,1250,201907
BB,1239,201907
JE,1047,201907
SI,987,201907
LK,781,201907
KH,768,201907
EC,674,201907
GD,595,201907
TT,543,201907
BS,498,201907
MT,466,201907
SK,464,201907
PS,444,201907
GI,440,201907
LC,352,201907
VC,348,201907
MD,339,201907
BD,339,201907
MM,337,201907
GG,336,201907
GT,330,201907
XK,316,201907
GY,306,201907
ME,275,201907
KG,273,201907
KP,269,201907
BW,239,201907
UY,235,201907
AZ,230,201907
MK,226,201907
VE,200,201907
AX,182,201907
LS,151,201907
SY,126,201907
SZ,125,201907
IM,122,201907
MR,121,201907
CO,117,201907
GM,97,201907
GW,92,201907
JO,91,201907
PY,64,201907
TJ,57,201907
PM,51,201907
BN,51,201907
MQ,40,201907
CV,39,201907
GN,39,201907
KW,30,201907
DM,28,201907
FO,25,201907
LY,11,201907
GE,9,201907
MN,2,201907
IQ,1,201907
NC,1,201907
US,1473951,202110
DE,88789,202110
GB,78658,202110
CA,69666,202110
ES,63459,202110
RU,61287,202110
FR,59344,202110
TR,57169,202110
IN,56425,202110
IT,55893,202110
AU,53691,202110
JP,46141,202110
BR,41571,202110
CN,37581,202110
MX,25728,202110
KR,23931,202110
NO,22790,202110
AE,21480,202110
NL,20234,202110
CH,18887,202110
GR,18583,202110
PL,17115,202110
PT,16925,202110
NZ,16127,202110
BE,14817,202110
DK,13237,202110
SE,12247,202110
AT,12218,202110
QA,9652,202110
MY,8747,202110
SA,8572,202110
TW,8538,202110
TH,8093,202110
MA,7886,202110
IE,7881,202110
PH,7618,202110
PE,7396,202110
ZA,7297,202110
UA,7073,202110
RO,6716,202110
CZ,6664,202110
AR,6135,202110
SG,5641,202110
FI,5331,202110
PR,5142,202110
HR,4810,202110
CY,4777,202110
KZ,4652,202110
PA,4568,202110
HU,4441,202110
IL,4405,202110
EG,4390,202110
HK,4325,202110
ID,4058,202110
KE,3206,202110
BD,3022,202110
BG,2916,202110
VN,2799,202110
LU,2666,202110
BA,2492,202110
LV,2434,202110
DZ,2291,202110
LT,2205,202110
EC,2159,202110
BH,2150,202110
RS,2150,202110
MT,2057,202110
BS,2006,202110
OM,1992,202110
PK,1950,202110
BY,1454,202110
EE,1370,202110
PF,1320,202110
IR,1308,202110
SN,1230,202110
GT,1182,202110
LB,1173,202110
IS,1128,202110
DO,1095,202110
JE,1045,202110
AL,978,202110
AW,921,202110
SI,895,202110
XK,766,202110
BB,645,202110
KP,637,202110
MK,570,202110
LK,565,202110
BM,500,202110
SK,470,202110
IM,392,202110
CW,331,202110
GI,324,202110
MD,324,202110
VE,288,202110
GG,273,202110
PS,268,202110
GD,250,202110
CO,226,202110
UY,217,202110
SY,209,202110
GY,203,202110
TT,180,202110
KG,169,202110
VC,168,202110
ME,159,202110
GE,142,202110
TZ,141,202110
TN,133,202110
GM,123,202110
LC,95,202110
CL,90,202110
GW,84,202110
AZ,83,202110
DM,77,202110
MR,75,202110
MN,65,202110
JO,65,202110
SV,64,202110
CU,52,202110
GN,51,202110
FO,47,202110
LY,45,202110
AX,43,202110
CV,42,202110
LA,35,202110
VI,28,202110
MQ,27,202110
KW,11,202110
BO,11,202110
BN,8,202110
GP,8,202110
KH,7,202110
BQ,5,202110
NP,4,202110
LS,4,202110
YE,3,202110
CM,3,202110
PM,2,202110
BZ,1,202110
MV,1,202110
ML,1,202110
NI,1,202110
US,1270173,202001
AU,88742,202001
CN,85554,202001
IN,81433,202001
DE,75943,202001
GB,74917,202001
CA,64100,202001
JP,63370,202001
IT,53116,202001
ES,52607,202001
FR,52121,202001
RU,51461,202001
BR,50937,202001
TR,44981,202001
TH,39437,202001
MY,34862,202001
AE,28305,202001
KR,28098,202001
NZ,21295,202001
TW,21049,202001
SA,20995,202001
PH,20710,202001
HK,20504,202001
CO,18917,202001
CH,18694,202001
NO,18136,202001
SG,17443,202001
NL,15962,202001
VN,15309,202001
SE,14460,202001
ID,14053,202001
PL,14037,202001
BE,13076,202001
DK,12814,202001
PT,12727,202001
GR,10908,202001
AT,10900,202001
QA,10600,202001
FI,10040,202001
IE,9976,202001
PE,8608,202001
MX,8562,202001
AR,8120,202001
MA,6246,202001
IL,5349,202001
ZA,5285,202001
RO,5164,202001
CZ,4956,202001
HU,4906,202001
UA,4745,202001
PR,4478,202001
DZ,4310,202001
KZ,3892,202001
BH,3822,202001
DO,3810,202001
PK,3741,202001
RS,3274,202001
LV,3093,202001
CR,2890,202001
LK,2875,202001
LU,2679,202001
IR,2584,202001
BY,2413,202001
CY,2256,202001
LT,2244,202001
BG,2118,202001
HR,2104,202001
MT,1933,202001
BA,1771,202001
LB,1707,202001
BO,1689,202001
BS,1657,202001
IS,1614,202001
BD,1459,202001
OM,1346,202001
PF,1330,202001
EG,1330,202001
EE,1199,202001
SN,1174,202001
UZ,1109,202001
EC,1099,202001
LA,1026,202001
BB,982,202001
AM,900,202001
KP,850,202001
GE,838,202001
NP,779,202001
KH,773,202001
UY,764,202001
CU,737,202001
VI,671,202001
SI,666,202001
BM,648,202001
TT,603,202001
GT,562,202001
ML,419,202001
JE,403,202001
VG,351,202001
GY,323,202001
IM,323,202001
LC,314,202001
VC,271,202001
GD,270,202001
GM,265,202001
AL,244,202001
NI,239,202001
SK,220,202001
GI,214,202001
PS,205,202001
VE,205,202001
MM,180,202001
KG,160,202001
MD,156,202001
TN,149,202001
DM,123,202001
BW,112,202001
AX,106,202001
JO,105,202001
GW,100,202001
PY,98,202001
SY,87,202001
XK,79,202001
GG,75,202001
CV,75,202001
MR,69,202001
MQ,51,202001
LY,45,202001
GN,45,202001
TC,37,202001
MK,29,202001
ME,21,202001
TJ,18,202001
GP,15,202001
PM,11,202001
BN,10,202001
SZ,6,202001
KW,2,202001
AI,1,202001
NC,1,202001
US,1124359,202008
CN,72801,202008
DE,60719,202008
GB,56325,202008
RU,55622,202008
ES,47720,202008
FR,46611,202008
IT,45610,202008
AU,45078,202008
JP,44820,202008
CA,44738,202008
TR,39017,202008
IN,26044,202008
BR,19232,202008
KR,15981,202008
NO,15050,202008
CH,14282,202008
PL,14214,202008
NL,13814,202008
GR,13702,202008
NZ,13407,202008
PT,11150,202008
AE,10682,202008
TW,10640,202008
BE,10135,202008
DK,9870,202008
MY,8831,202008
MX,8566,202008
AT,8160,202008
TH,7324,202008
SE,7207,202008
ID,6073,202008
IE,5767,202008
HK,5556,202008
SA,5437,202008
RO,5080,202008
QA,5054,202008
CZ,4418,202008
FI,4337,202008
HR,4286,202008
UA,4224,202008
VN,3941,202008
SG,3707,202008
PH,3649,202008
CY,2650,202008
HU,2528,202008
RS,2491,202008
IR,2429,202008
PR,2342,202008
PK,2237,202008
MA,2197,202008
AL,2117,202008
BG,2006,202008
LV,1980,202008
LT,1913,202008
LU,1809,202008
BA,1795,202008
KZ,1789,202008
BS,1723,202008
ZA,1648,202008
CO,1583,202008
MT,1565,202008
PE,1465,202008
BY,1340,202008
BD,1250,202008
TN,1164,202008
IL,1151,202008
BH,1072,202008
DZ,1041,202008
AR,849,202008
EE,833,202008
GT,790,202008
SI,725,202008
BO,723,202008
PF,701,202008
IS,617,202008
JE,606,202008
IQ,574,202008
SK,528,202008
EG,528,202008
OM,521,202008
LB,470,202008
CU,437,202008
BM,424,202008
MK,380,202008
ME,336,202008
EC,319,202008
UZ,304,202008
XK,281,202008
KW,267,202008
CR,263,202008
GG,256,202008
MD,219,202008
GI,185,202008
DO,146,202008
BB,104,202008
LY,98,202008
AX,95,202008
KE,94,202008
LK,92,202008
IM,86,202008
KP,75,202008
GE,62,202008
KG,46,202008
FO,39,202008
SY,39,202008
GY,38,202008
AZ,35,202008
VE,35,202008
UY,31,202008
SV,29,202008
TT,29,202008
TC,28,202008
NI,18,202008
HN,15,202008
VI,14,202008
VC,8,202008
GD,7,202008
TJ,7,202008
KH,7,202008
PM,6,202008
PY,5,202008
NP,5,202008
DM,5,202008
PS,4,202008
HT,4,202008
BN,3,202008
LC,3,202008
BW,3,202008
CM,2,202008
AF,1,202008
US,1006919,202101
CN,69936,202101
IN,61628,202101
AU,59650,202101
BR,43248,202101
RU,38432,202101
JP,34106,202101
CA,31230,202101
DE,27939,202101
FR,25799,202101
TR,23807,202101
GB,23114,202101
NZ,21623,202101
IT,17965,202101
ES,16467,202101
VN,16173,202101
MX,15941,202101
AE,15480,202101
NO,13211,202101
CO,12564,202101
KR,12089,202101
ID,10933,202101
NL,9906,202101
TW,9664,202101
SA,7743,202101
CH,7290,202101
QA,6895,202101
HK,6661,202101
PH,6271,202101
MY,6063,202101
PT,5742,202101
PR,5582,202101
PE,5162,202101
BE,4985,202101
SG,4943,202101
PL,4826,202101
TH,4759,202101
SE,4544,202101
MA,4403,202101
DK,4284,202101
BS,4057,202101
ZA,3890,202101
KZ,3566,202101
UA,3329,202101
PA,3258,202101
GR,3136,202101
AT,3080,202101
IE,2960,202101
FI,2855,202101
RO,2710,202101
IR,2532,202101
BD,2498,202101
GT,2075,202101
CZ,2039,202101
EG,1680,202101
OM,1583,202101
DZ,1569,202101
BH,1459,202101
IL,1298,202101
CU,1276,202101
LU,1245,202101
CR,1219,202101
HU,1092,202101
PK,1082,202101
CL,1073,202101
LB,1019,202101
EC,970,202101
BG,927,202101
VI,901,202101
HR,876,202101
CY,859,202101
RS,852,202101
BY,839,202101
LT,838,202101
LV,801,202101
NI,763,202101
BA,754,202101
UZ,667,202101
MT,658,202101
AR,631,202101
IS,590,202101
PF,536,202101
EE,514,202101
BM,359,202101
SI,277,202101
NP,271,202101
SK,227,202101
LK,226,202101
MK,217,202101
JE,195,202101
SN,191,202101
GI,167,202101
ME,164,202101
VG,164,202101
SY,159,202101
PS,158,202101
AL,157,202101
UY,149,202101
KP,145,202101
JO,136,202101
GY,128,202101
LY,119,202101
VE,112,202101
MD,111,202101
KG,108,202101
GG,103,202101
HN,90,202101
XK,66,202101
TN,60,202101
IM,57,202101
KH,57,202101
TT,54,202101
BB,51,202101
MM,49,202101
AX,46,202101
SV,33,202101
KW,22,202101
BW,19,202101
GM,18,202101
TJ,16,202101
GW,16,202101
MQ,15,202101
GD,14,202101
VC,14,202101
LC,13,202101
CV,12,202101
MR,7,202101
GN,5,202101
DM,5,202101
DO,5,202101
LA,4,202101
BO,4,202101
MV,3,202101
GP,3,202101
IQ,1,202101
FO,1,202101
US,1242460,201911
CN,93887,201911
AU,93107,201911
DE,81024,201911
IN,79341,201911
GB,76658,201911
JP,65376,201911
CA,61264,201911
ES,58031,201911
FR,53381,201911
IT,53149,201911
RU,52571,201911
BR,51703,201911
TR,48746,201911
TH,39618,201911
MY,35982,201911
AE,28315,201911
KR,27880,201911
PH,22355,201911
NZ,21841,201911
TW,21043,201911
NO,20491,201911
HK,20474,201911
SA,20409,201911
NL,18090,201911
SG,16743,201911
CH,16638,201911
SE,15915,201911
ID,14146,201911
BE,13871,201911
PL,13867,201911
DK,13731,201911
PT,13632,201911
ZA,11819,201911
AT,11782,201911
GR,11284,201911
QA,10793,201911
IE,10425,201911
PE,10291,201911
CO,9747,201911
FI,9626,201911
MX,7325,201911
IL,5933,201911
CZ,5656,201911
AR,5638,201911
RO,5574,201911
MA,5449,201911
HU,5130,201911
UA,4766,201911
KZ,4290,201911
RS,4024,201911
PK,4001,201911
BH,3909,201911
DZ,3859,201911
LV,3068,201911
IR,2965,201911
CY,2787,201911
LU,2714,201911
CR,2634,201911
BG,2453,201911
LT,2270,201911
MT,2139,201911
BY,2086,201911
BS,1992,201911
HR,1932,201911
EG,1784,201911
UZ,1781,201911
IS,1744,201911
LA,1696,201911
LB,1653,201911
OM,1604,201911
BA,1497,201911
PF,1494,201911
BO,1492,201911
VN,1353,201911
BB,1271,201911
EE,1204,201911
NP,1173,201911
UY,1110,201911
LK,1017,201911
BM,1017,201911
SN,987,201911
BD,945,201911
TT,858,201911
EC,850,201911
TN,762,201911
ML,621,201911
KP,612,201911
SI,563,201911
GT,542,201911
LC,506,201911
KH,485,201911
JE,415,201911
VC,379,201911
AL,374,201911
GD,343,201911
GY,309,201911
PS,304,201911
DM,293,201911
SK,256,201911
BW,255,201911
GI,241,201911
IM,240,201911
KG,240,201911
VE,218,201911
NI,216,201911
GM,198,201911
MD,197,201911
AM,185,201911
LS,167,201911
MM,161,201911
XK,153,201911
SZ,134,201911
CV,131,201911
GE,130,201911
MK,128,201911
MV,128,201911
AX,101,201911
GW,95,201911
JO,91,201911
SY,81,201911
GN,79,201911
MR,75,201911
GG,54,201911
PY,45,201911
TJ,45,201911
MQ,43,201911
LY,41,201911
KW,26,201911
ME,23,201911
AZ,20,201911
GP,20,201911
PM,13,201911
BN,7,201911
NC,6,201911
IQ,1,201911
TC,1,201911
